speaker,noise_type,snr_label,snr_db,noisy_stoi,noisy_pesq,noisy_sisdr,mmse_stoi,mmse_pesq,mmse_sisdr,wav_stoi,wav_pesq,wav_sisdr
sp01,airport,0dB,0,0.6407861769168827,1.1801930665969849,-0.8508411049842834,0.576141629604362,1.1944836378097534,2.2697677612304688,0.6507236708642671,1.1799317598342896,-0.7473779916763306
sp02,airport,0dB,0,0.6741848323506807,1.2475638389587402,-0.7557237148284912,0.5995355920093606,1.1341445446014404,0.9666483402252197,0.68070300468223,1.2382289171218872,-0.6848101615905762
sp03,airport,0dB,0,0.700485670306518,1.1629235744476318,-0.42194342613220215,0.6589271837981615,1.192586064338684,4.3361334800720215,0.7036733781645781,1.161607027053833,-0.36368465423583984
sp04,airport,0dB,0,0.7013021057562849,1.1757431030273438,-0.24684244394302368,0.679912936320071,1.1430256366729736,1.9867688417434692,0.7037796851889282,1.1712522506713867,-0.22567375004291534
sp05,airport,0dB,0,0.7067332023748519,1.129089117050171,-0.46377336978912354,0.6494239817597767,1.2675142288208008,2.650179386138916,0.7099635187788884,1.1270512342453003,-0.4362926185131073
sp06,airport,0dB,0,0.7341519484205341,1.1500860452651978,-0.65214604139328,0.6459227950633626,1.0715795755386353,0.29611292481422424,0.7337165515576805,1.1449419260025024,-0.5769032835960388
sp07,airport,0dB,0,0.7020900334278469,1.1760398149490356,-0.7601422667503357,0.6732504072621249,1.169419765472412,2.28410267829895,0.704225148824097,1.1725205183029175,-0.6419593095779419
sp08,airport,0dB,0,0.6642168880947693,1.2055985927581787,-0.612727165222168,0.6276118819457465,1.143551230430603,1.932775855064392,0.6658460928183614,1.2002651691436768,-0.521584689617157
sp09,airport,0dB,0,0.6883624795568528,1.161641001701355,-0.4989593029022217,0.5944374283316699,1.1152641773223877,-1.0816614627838135,0.693227179613485,1.1561827659606934,-0.5045052766799927
sp10,airport,0dB,0,0.671053376203923,1.1449004411697388,-0.7832921743392944,0.634486158058409,1.1693490743637085,1.3566733598709106,0.673139772222415,1.1417675018310547,-0.7254341244697571
sp11,airport,0dB,0,0.5674141565557637,1.0778529644012451,-0.6483867764472961,0.5532071023424736,1.2020702362060547,2.8472084999084473,0.5709677081055722,1.0761182308197021,-0.5449368953704834
sp12,airport,0dB,0,0.7020723938205989,1.1072217226028442,-0.372463583946228,0.640138659158331,1.1688520908355713,1.9497324228286743,0.70787899982372,1.1041299104690552,-0.325594425201416
sp13,airport,0dB,0,0.6737823042116353,1.1241904497146606,-0.8753311038017273,0.6421363844040288,1.2341217994689941,2.8652591705322266,0.6848666196104217,1.1202353239059448,-0.7996811866760254
sp14,airport,0dB,0,0.6513475180242032,1.1545192003250122,-0.09843926876783371,0.6400136896286983,1.206782579421997,2.4210288524627686,0.654464526698731,1.1514848470687866,-0.036929916590452194
sp15,airport,0dB,0,0.6810043155186284,1.0901564359664917,-0.32126352190971375,0.5923538221393999,1.0859493017196655,-0.6851983666419983,0.6831897547941015,1.089440941810608,-0.31632936000823975
sp16,airport,0dB,0,0.7409842083669177,1.0963664054870605,-1.2145243883132935,0.7269519100860946,1.3791253566741943,4.868782043457031,0.7424374039000096,1.0940605401992798,-1.1659557819366455
sp17,airport,0dB,0,0.5969235917334357,1.0599178075790405,-0.6000036597251892,0.6309137378771671,1.1795331239700317,3.990028142929077,0.5960862675912733,1.0584965944290161,-0.5185031294822693
sp18,airport,0dB,0,0.6781208962661674,1.0871326923370361,-0.22708937525749207,0.6486015813571504,1.161959171295166,4.795526027679443,0.6799560429331417,1.084317922592163,-0.17431916296482086
sp19,airport,0dB,0,0.6297699451993702,1.064894437789917,-0.812065064907074,0.594703230832685,1.2617278099060059,6.112685680389404,0.6348182580575352,1.0642231702804565,-0.7030581831932068
sp20,airport,0dB,0,0.723036493162731,1.1117347478866577,-0.47609731554985046,0.6794833939886168,1.2618526220321655,3.7833704948425293,0.7240254242005566,1.1088783740997314,-0.4076119661331177
sp21,airport,0dB,0,0.6274296279179103,1.5049078464508057,-0.5076368451118469,0.5768490956178368,1.330916404724121,1.1999387741088867,0.628001791669949,1.5255937576293945,-0.3542046546936035
sp22,airport,0dB,0,0.5973261262635763,1.1526013612747192,-0.40867123007774353,0.5380942553175114,1.0972316265106201,0.22644883394241333,0.5994959376454427,1.1499719619750977,-0.3121192455291748
sp23,airport,0dB,0,0.7029398242314101,1.1796512603759766,-0.9800150394439697,0.600827805228624,1.0769636631011963,-1.4623947143554688,0.7033433974711466,1.171036958694458,-0.939357578754425
sp24,airport,0dB,0,0.5715187150868521,1.2035975456237793,-0.3295177221298218,0.535895266559746,1.1168814897537231,-0.1498451977968216,0.5822839286240975,1.1959959268569946,-0.1931118667125702
sp25,airport,0dB,0,0.6772171385301297,1.3215606212615967,-0.2932988405227661,0.6048143247526279,1.1662265062332153,0.27643489837646484,0.6781615704998353,1.3103010654449463,-0.24838095903396606
sp26,airport,0dB,0,0.7183827993870006,1.10751211643219,-0.49618685245513916,0.6492305466042783,1.0731399059295654,-0.004519452340900898,0.7192162019264465,1.1034972667694092,-0.4924844205379486
sp27,airport,0dB,0,0.7611359074387871,1.1113876104354858,-0.23870573937892914,0.6611410665632914,1.0896347761154175,0.18893422186374664,0.7622814990984703,1.1085004806518555,-0.233139768242836
sp28,airport,0dB,0,0.7228423179911129,1.0912830829620361,-0.43955010175704956,0.6938644605302074,1.3029884099960327,3.215830087661743,0.7245910159724908,1.0889887809753418,-0.35422995686531067
sp29,airport,0dB,0,0.7132134427105907,1.1229586601257324,-0.5201432704925537,0.6835622903997604,1.1120123863220215,1.7729222774505615,0.7187230235197211,1.1181724071502686,-0.4374004006385803
sp30,airport,0dB,0,0.7022613381892683,1.1328134536743164,-0.33833104372024536,0.6430594129262776,1.081184983253479,0.09753196686506271,0.7048569107802515,1.129420518875122,-0.32783743739128113
sp01,airport,10dB,10,0.8648683875508798,1.5785212516784668,9.317855834960938,0.7855959909619505,1.2659980058670044,6.466522693634033,0.8671275988700274,1.5622365474700928,9.516622543334961
sp02,airport,10dB,10,0.8877846735466361,1.6251659393310547,9.317797660827637,0.8024081336163945,1.236823558807373,5.391604423522949,0.8916304256332603,1.5797533988952637,9.51520824432373
sp03,airport,10dB,10,0.9250457716818007,1.5813448429107666,9.460161209106445,0.8322368330266339,1.3692851066589355,8.468852996826172,0.9261934659947596,1.5468151569366455,9.505390167236328
sp04,airport,10dB,10,0.8902900799502576,1.6795306205749512,9.553163528442383,0.8263112044675222,1.3494775295257568,6.81010627746582,0.8910314492249987,1.65191650390625,9.59746265411377
sp05,airport,10dB,10,0.928105982118964,1.6989214420318604,9.293328285217285,0.8206888054418704,1.3465605974197388,6.940555572509766,0.9286469693679887,1.6635692119598389,9.32844352722168
sp06,airport,10dB,10,0.8856364619983422,1.5168131589889526,9.265803337097168,0.822870242032963,1.542282223701477,8.08945083618164,0.8882537318783238,1.496900200843811,9.478509902954102
sp07,airport,10dB,10,0.9186016798164899,1.4598599672317505,9.567352294921875,0.8157096960793078,1.2835501432418823,6.714022159576416,0.9198904237032233,1.4423785209655762,9.707087516784668
sp08,airport,10dB,10,0.8563671018599044,1.4913671016693115,9.380373001098633,0.7908822737424362,1.3576141595840454,6.889459609985352,0.8593077104076583,1.4684972763061523,9.617963790893555
sp09,airport,10dB,10,0.843516479580953,1.4260265827178955,9.688750267028809,0.7376354499896404,1.2835264205932617,5.580587863922119,0.8490227362315911,1.4191006422042847,9.882759094238281
sp10,airport,10dB,10,0.8603939247573257,1.5466995239257812,9.361353874206543,0.7747606701768441,1.2984189987182617,6.109848976135254,0.8611116919315945,1.521737813949585,9.516380310058594
sp11,airport,10dB,10,0.9059641504097846,1.6998820304870605,9.388774871826172,0.8058875962388526,1.4240243434906006,7.690109729766846,0.905432615345555,1.6566941738128662,9.503744125366211
sp12,airport,10dB,10,0.9158035780533363,1.4610650539398193,9.746132850646973,0.8428323510051741,1.5027216672897339,7.247804641723633,0.9166578593001283,1.4507179260253906,9.904337882995605
sp13,airport,10dB,10,0.9013959195375238,1.625846266746521,8.90293025970459,0.7921503379524355,1.2713701725006104,7.5821967124938965,0.902110044386874,1.5930657386779785,8.987101554870605
sp14,airport,10dB,10,0.8188552470613769,1.362572193145752,9.595895767211914,0.7503401974983499,1.4008148908615112,9.237617492675781,0.8208425954961371,1.3580694198608398,9.8214750289917
sp15,airport,10dB,10,0.8694337375415274,1.4331375360488892,9.66634750366211,0.7724419066987948,1.306889295578003,5.923534393310547,0.8688301277909293,1.4247909784317017,9.8474702835083
sp16,airport,10dB,10,0.8705484646513733,1.539528250694275,8.869627952575684,0.8551341468854133,1.521312952041626,10.511709213256836,0.8705870399107891,1.5215036869049072,8.953665733337402
sp17,airport,10dB,10,0.807950934903332,1.3449525833129883,9.591073036193848,0.7728705743751987,1.4654839038848877,8.12981128692627,0.8080533044469291,1.3339672088623047,9.701687812805176
sp18,airport,10dB,10,0.8566187119237881,1.4841159582138062,9.607325553894043,0.793703899824466,1.3785343170166016,9.81722640991211,0.8577428512031775,1.4624590873718262,9.691631317138672
sp19,airport,10dB,10,0.8256496668455623,1.3398305177688599,9.175938606262207,0.7868805616108985,1.5033704042434692,11.219979286193848,0.825154001415345,1.3346363306045532,9.349996566772461
sp20,airport,10dB,10,0.8974869449082133,1.4132964611053467,9.498998641967773,0.8365116229867242,1.414583444595337,8.104452133178711,0.897647100625668,1.3888496160507202,9.685908317565918
sp21,airport,10dB,10,0.9160362763094769,2.113154888153076,9.342042922973633,0.8058980315606197,1.301723599433899,5.370728492736816,0.9129702532108874,2.0218265056610107,9.55594539642334
sp22,airport,10dB,10,0.8496210286359508,1.4474753141403198,9.486321449279785,0.7547245026051396,1.1968960762023926,4.018109321594238,0.8511980892764608,1.435546636581421,9.634963989257812
sp23,airport,10dB,10,0.8966020486746568,1.596704363822937,9.226846694946289,0.7969833526892132,1.2831140756607056,6.004877090454102,0.8982482336136061,1.5563013553619385,9.391683578491211
sp24,airport,10dB,10,0.86613353204682,1.8301599025726318,9.538795471191406,0.775198904522181,1.3231507539749146,4.007748126983643,0.8650274555824977,1.778987169265747,9.644954681396484
sp25,airport,10dB,10,0.8686660486301608,1.7498830556869507,9.663322448730469,0.7764267509828827,1.275635004043579,7.005558490753174,0.8684508999970332,1.6954736709594727,9.766951560974121
sp26,airport,10dB,10,0.916092677956647,1.5499085187911987,9.538372039794922,0.8303357384454045,1.3712356090545654,6.389126300811768,0.9193615632460098,1.5119643211364746,9.704567909240723
sp27,airport,10dB,10,0.9241709345630905,1.626192331314087,9.552475929260254,0.8106349990861421,1.232835292816162,7.096378803253174,0.9253922264885128,1.5882935523986816,9.705204010009766
sp28,airport,10dB,10,0.9306066248979156,1.6033045053482056,9.601494789123535,0.8139165443490619,1.341583013534546,7.431244850158691,0.9307397710554968,1.567928671836853,9.669283866882324
sp29,airport,10dB,10,0.9030805402047274,1.6229804754257202,9.515631675720215,0.8162707766174647,1.3390944004058838,7.8664021492004395,0.9030810038178393,1.5812015533447266,9.590485572814941
sp30,airport,10dB,10,0.9295254445356534,1.813692569732666,9.582453727722168,0.8437005313235677,1.3751513957977295,6.6524577140808105,0.9302301374779057,1.7289422750473022,9.668741226196289
sp01,airport,15dB,15,0.9851862870343078,2.267160654067993,14.335099220275879,0.8704506532248786,1.4170339107513428,8.659056663513184,0.9851224923666054,2.1945013999938965,14.423540115356445
sp02,airport,15dB,15,0.9498169143612581,2.041139841079712,14.329971313476562,0.8378688650800411,1.2548295259475708,5.888499736785889,0.9501409840228088,1.9429452419281006,14.511240005493164
sp03,airport,15dB,15,0.9611817933463647,1.7129727602005005,14.467872619628906,0.8726773977064305,1.5251526832580566,9.343672752380371,0.9619660425224087,1.6672725677490234,14.559526443481445
sp04,airport,15dB,15,0.9663018717709344,2.268493413925171,14.55035400390625,0.8673640816381522,1.5667800903320312,9.585010528564453,0.9663803472558457,2.2212235927581787,14.570577621459961
sp05,airport,15dB,15,0.9541470396520575,1.892179012298584,14.36204719543457,0.8492778147137703,1.4606857299804688,9.559248924255371,0.9545211197455776,1.8577966690063477,14.439678192138672
sp06,airport,15dB,15,0.943404492044283,1.8672065734863281,14.213470458984375,0.8565431827788623,1.7075233459472656,9.579097747802734,0.9443415965612212,1.806938648223877,14.447298049926758
sp07,airport,15dB,15,0.951550993127757,1.7164952754974365,14.54403018951416,0.831050336471966,1.324556827545166,7.761369228363037,0.9525926394009419,1.6756336688995361,14.765541076660156
sp08,airport,15dB,15,0.9385646787493762,2.035348653793335,14.355316162109375,0.8410327952432788,1.3945143222808838,7.496176719665527,0.9409904988064055,1.9586641788482666,14.63415241241455
sp09,airport,15dB,15,0.9179443420948699,1.7832379341125488,14.627449035644531,0.8079620787890142,1.4032260179519653,6.894136428833008,0.9232284140354517,1.7564640045166016,14.848573684692383
sp10,airport,15dB,15,0.927673584652873,1.871464490890503,14.319583892822266,0.8045541098822929,1.3827743530273438,6.841758728027344,0.9285659068812044,1.8318557739257812,14.51819896697998
sp11,airport,15dB,15,0.8901800624608411,1.6935131549835205,14.428064346313477,0.7988703047108828,1.5646864175796509,8.508645057678223,0.8921173660168004,1.6713124513626099,14.654640197753906
sp12,airport,15dB,15,0.9559931747977769,1.8499507904052734,14.662680625915527,0.8596580253223398,1.5620059967041016,8.276294708251953,0.9556773962265064,1.8018653392791748,14.843358039855957
sp13,airport,15dB,15,0.9247894478582421,1.9248740673065186,13.948678970336914,0.8259465343645713,1.396384835243225,9.83410930633545,0.9257585364501303,1.8566323518753052,14.089726448059082
sp14,airport,15dB,15,0.9127474858030281,1.7396949529647827,14.632184982299805,0.8110956588720597,1.5853952169418335,10.991901397705078,0.9112909566428344,1.7083064317703247,14.861067771911621
sp15,airport,15dB,15,0.9391215373084444,1.858485460281372,14.675555229187012,0.8259696037266445,1.4362027645111084,6.691588878631592,0.9375767467710314,1.8126780986785889,14.852685928344727
sp16,airport,15dB,15,0.9166658687773386,1.9818905591964722,13.884057998657227,0.8984217201749756,1.5329258441925049,13.425451278686523,0.9166455310979161,1.9244091510772705,13.958992958068848
sp17,airport,15dB,15,0.8943016321413993,1.683053731918335,14.549392700195312,0.826028819496328,1.6178615093231201,9.384588241577148,0.8943507077550596,1.6454994678497314,14.68671989440918
sp18,airport,15dB,15,0.9015161244866472,1.8327691555023193,14.53950023651123,0.8241849248455247,1.5079599618911743,11.451976776123047,0.9017824709259357,1.7778284549713135,14.63177490234375
sp19,airport,15dB,15,0.881768697792283,1.5551097393035889,14.202698707580566,0.8261056553726494,1.5820415019989014,12.63044261932373,0.8813851287661508,1.5381383895874023,14.415511131286621
sp20,airport,15dB,15,0.9394691553267445,1.8620853424072266,14.535207748413086,0.869034924287992,1.6229677200317383,10.137940406799316,0.9396882925398796,1.7801542282104492,14.781054496765137
sp21,airport,15dB,15,0.9677946045355111,2.53071928024292,14.359889030456543,0.8374750309986214,1.3891382217407227,7.292441368103027,0.9643063683928864,2.3592751026153564,14.533438682556152
sp22,airport,15dB,15,0.9267829161705061,1.8062729835510254,14.476027488708496,0.824353068809928,1.2586238384246826,4.691601753234863,0.9282382916509183,1.7470991611480713,14.634775161743164
sp23,airport,15dB,15,0.9650177504531495,2.1942505836486816,14.311279296875,0.8576888753249374,1.4093016386032104,7.582941055297852,0.9656667335495874,2.0986168384552,14.428182601928711
sp24,airport,15dB,15,0.9117560028162726,2.060279607772827,14.594989776611328,0.8082651924047187,1.413135290145874,5.442388534545898,0.9071215603282067,1.9697927236557007,14.857463836669922
sp25,airport,15dB,15,0.9393457334928622,2.0602385997772217,14.698738098144531,0.8381815873645684,1.357650637626648,7.605916976928711,0.9430975536457651,2.00331449508667,14.950419425964355
sp26,airport,15dB,15,0.9668383138640329,2.1770355701446533,14.520942687988281,0.8587904961320402,1.4417475461959839,7.672595024108887,0.9665110942267382,2.0488390922546387,14.659614562988281
sp27,airport,15dB,15,0.9601309714913165,1.9533387422561646,14.619134902954102,0.8356403877691079,1.413771152496338,8.607013702392578,0.9595870743859065,1.8868006467819214,14.785812377929688
sp28,airport,15dB,15,0.9777403596472635,1.9328659772872925,14.619560241699219,0.8565166583198122,1.5062390565872192,8.65196418762207,0.9778372577219148,1.853410005569458,14.738396644592285
sp29,airport,15dB,15,0.9617453601854609,2.018376350402832,14.487846374511719,0.8692269768214416,1.4275106191635132,8.942169189453125,0.962223400511615,1.941248893737793,14.679817199707031
sp30,airport,15dB,15,0.9585554045855257,2.243889570236206,14.658470153808594,0.8618987986738817,1.5266579389572144,7.903310775756836,0.9584594378692398,2.0974280834198,14.830436706542969
sp01,airport,5dB,5,0.7714594705637091,1.3395570516586304,4.285030364990234,0.7022722564083957,1.2227766513824463,5.0737104415893555,0.7715541480775197,1.332289218902588,4.427297592163086
sp02,airport,5dB,5,0.7898066903620099,1.3123303651809692,4.394039630889893,0.7212755434857498,1.1554864645004272,3.7480998039245605,0.7931845189339835,1.2959377765655518,4.562747955322266
sp03,airport,5dB,5,0.8220055481287256,1.3022749423980713,4.497064113616943,0.7489935393596123,1.2729851007461548,6.020567417144775,0.8237072398367894,1.2964258193969727,4.561733245849609
sp04,airport,5dB,5,0.7870090589270323,1.3032848834991455,4.505434036254883,0.7496443295893368,1.2742009162902832,4.863214015960693,0.7882116287435826,1.2927489280700684,4.540119647979736
sp05,airport,5dB,5,0.8017862774523327,1.222671627998352,4.2903313636779785,0.7526675151166303,1.3726739883422852,5.970685958862305,0.806256948935286,1.2148799896240234,4.354509353637695
sp06,airport,5dB,5,0.7933368980556138,1.3100794553756714,4.264591217041016,0.753771742882454,1.4071123600006104,5.758450031280518,0.7985814939429077,1.3023974895477295,4.430565357208252
sp07,airport,5dB,5,0.8290448367376704,1.3739968538284302,4.584964752197266,0.7556892307095164,1.1810134649276733,3.9176125526428223,0.8298981364150213,1.3626506328582764,4.639330863952637
sp08,airport,5dB,5,0.7532490112601745,1.3457252979278564,4.416632175445557,0.6933427121972526,1.2551835775375366,4.206830024719238,0.7563303924458414,1.336743950843811,4.591613292694092
sp09,airport,5dB,5,0.7530402995780321,1.3311097621917725,4.677037239074707,0.6630418457618211,1.1724773645401,3.6386992931365967,0.7620165085535964,1.3326241970062256,4.732068061828613
sp10,airport,5dB,5,0.7972675115289531,1.2578022480010986,4.383855819702148,0.7478660160636225,1.287719964981079,4.455753326416016,0.7989770258053887,1.250401258468628,4.532900810241699
sp11,airport,5dB,5,0.7494467120727039,1.2082149982452393,4.40156888961792,0.6537985789166008,1.1657238006591797,3.6384127140045166,0.7513523899681455,1.2003648281097412,4.49935245513916
sp12,airport,5dB,5,0.7839418213719749,1.1919946670532227,4.6730780601501465,0.7395878075996732,1.2550742626190186,4.937166690826416,0.7899828865173182,1.1854615211486816,4.787758827209473
sp13,airport,5dB,5,0.7946906897784407,1.3187763690948486,4.06248140335083,0.7556941529126311,1.3332703113555908,6.256308555603027,0.8010965374192145,1.304347038269043,4.164150714874268
sp14,airport,5dB,5,0.6913658412831798,1.1523350477218628,4.66487455368042,0.6436396886818648,1.3578517436981201,6.960090637207031,0.6924977730416254,1.1513409614562988,4.85203218460083
sp15,airport,5dB,5,0.8104615413531465,1.222717046737671,4.721122741699219,0.7241033489933041,1.2435998916625977,3.690265417098999,0.8113201957405421,1.2136726379394531,4.814160346984863
sp16,airport,5dB,5,0.8015759142817737,1.208524465560913,3.866461753845215,0.7782413725339207,1.3840110301971436,7.6019721031188965,0.8021628596619153,1.2019761800765991,3.957490921020508
sp17,airport,5dB,5,0.7548243064194009,1.120672345161438,4.545117378234863,0.731732880677712,1.2618829011917114,5.795504570007324,0.7550022697752056,1.1177997589111328,4.608636856079102
sp18,airport,5dB,5,0.7535839158019136,1.1854777336120605,4.5737152099609375,0.7158898269878919,1.2872259616851807,7.651088237762451,0.7556652361507726,1.1789119243621826,4.657183647155762
sp19,airport,5dB,5,0.7619404699477431,1.146813154220581,4.2986650466918945,0.7392308502717037,1.424570918083191,8.382938385009766,0.7630901057205705,1.146133303642273,4.468363285064697
sp20,airport,5dB,5,0.8288856801229799,1.2681347131729126,4.546365261077881,0.7710751296395405,1.292986512184143,5.552206516265869,0.8269641067327712,1.2577941417694092,4.6968255043029785
sp21,airport,5dB,5,0.8259175083219618,1.7737772464752197,4.275811195373535,0.7230627132716042,1.2529170513153076,4.256926536560059,0.8191162785139294,1.7177376747131348,4.374156475067139
sp22,airport,5dB,5,0.7139831025675265,1.2295628786087036,4.515292167663574,0.6654384091666848,1.179589867591858,3.172464370727539,0.7119335814038099,1.2251338958740234,4.652793884277344
sp23,airport,5dB,5,0.8149918632647581,1.432151436805725,4.225498676300049,0.7547565715066762,1.2385272979736328,4.40491247177124,0.8183568277593792,1.4242994785308838,4.375425338745117
sp24,airport,5dB,5,0.6919656527074469,1.3769605159759521,4.593683242797852,0.6276977352758618,1.1797869205474854,3.006822109222412,0.7016914941526551,1.3623868227005005,4.808830261230469
sp25,airport,5dB,5,0.7933690376248487,1.5616073608398438,4.767095565795898,0.7050461774782201,1.260205626487732,3.5589561462402344,0.7951959640023054,1.5321402549743652,4.861021041870117
sp26,airport,5dB,5,0.8570579424772924,1.3090991973876953,4.637091636657715,0.8083441905287851,1.251413345336914,5.302250385284424,0.8585529426395679,1.2975202798843384,4.721546173095703
sp27,airport,5dB,5,0.8427873932086191,1.298789620399475,4.593786716461182,0.7449400537439631,1.2293596267700195,4.6689133644104,0.8435642962661403,1.2852725982666016,4.704017639160156
sp28,airport,5dB,5,0.849908006347099,1.2399787902832031,4.575494289398193,0.7696429091789959,1.3226659297943115,4.847960472106934,0.8507191352221547,1.2325531244277954,4.63234806060791
sp29,airport,5dB,5,0.8523173659415352,1.4031527042388916,4.512691020965576,0.744132209904534,1.2192695140838623,4.975522041320801,0.8520558213256734,1.3710358142852783,4.568415641784668
sp30,airport,5dB,5,0.8179686172035762,1.3470432758331299,4.507477760314941,0.7863288944611236,1.3840936422348022,4.62572717666626,0.8219171230561303,1.3253309726715088,4.675917625427246
sp01,babble,0dB,0,0.6191313851543254,1.1915122270584106,-0.6497159600257874,0.5566725534794148,1.1494677066802979,2.358713388442993,0.6222016961705866,1.1901386976242065,-0.531700611114502
sp02,babble,0dB,0,0.6550468066554067,1.2307146787643433,-0.5503597259521484,0.6012569206869202,1.1304354667663574,0.030635423958301544,0.6626904294967955,1.2198927402496338,-0.45967891812324524
sp03,babble,0dB,0,0.6541121553776239,1.1274932622909546,-0.3583835959434509,0.6045611986017613,1.165250539779663,3.1201717853546143,0.6563449548532972,1.1255685091018677,-0.30758389830589294
sp04,babble,0dB,0,0.6553573077647403,1.1763066053390503,-0.5708942413330078,0.580249451424516,1.212510585784912,1.5451903343200684,0.6566273325274227,1.171972393989563,-0.5488153100013733
sp05,babble,0dB,0,0.7225130304240321,1.1532689332962036,-0.7092273831367493,0.6591676010889426,1.254819393157959,1.5903079509735107,0.7248986018051855,1.1500591039657593,-0.6767561435699463
sp06,babble,0dB,0,0.6515998696668547,1.15426766872406,-0.6724575161933899,0.5977932831145601,1.3397562503814697,3.2005996704101562,0.6527219012037133,1.150501012802124,-0.548158586025238
sp07,babble,0dB,0,0.6402708645458748,1.1672934293746948,-0.6752989292144775,0.5769112543462194,1.1487997770309448,2.036860942840576,0.6424242462448079,1.1627733707427979,-0.5608106851577759
sp08,babble,0dB,0,0.6704023275280292,1.1905796527862549,-0.8876233100891113,0.6326036974014208,1.1627709865570068,0.650007963180542,0.6723787420769881,1.1866881847381592,-0.7662811875343323
sp09,babble,0dB,0,0.6040712773680833,1.097318410873413,-0.4698193371295929,0.5497306955890968,1.1138979196548462,1.0169286727905273,0.6091046952609998,1.0948845148086548,-0.33287912607192993
sp10,babble,0dB,0,0.6633453256202894,1.165726661682129,-0.746333658695221,0.6252945599934417,1.155637264251709,-0.3355903923511505,0.6660619131526602,1.1624853610992432,-0.7098973393440247
sp11,babble,0dB,0,0.5741197145107146,1.0830140113830566,-0.6390088796615601,0.5526687123814391,1.1510463953018188,2.494865894317627,0.5872449927623176,1.0825821161270142,-0.5544103384017944
sp12,babble,0dB,0,0.6871415442839093,1.112709641456604,-0.10539303719997406,0.6384085222083878,1.1654435396194458,0.4802187979221344,0.6985001835869074,1.1092729568481445,-0.03934182971715927
sp13,babble,0dB,0,0.6311685094245783,1.1140979528427124,-1.0942118167877197,0.595445577796405,1.1949002742767334,2.3760437965393066,0.6403272388778215,1.1108320951461792,-1.0310986042022705
sp14,babble,0dB,0,0.5407342543159671,1.0694012641906738,-0.357819139957428,0.49140818699080874,1.2435160875320435,4.681453227996826,0.5412612841760759,1.0685539245605469,-0.20766687393188477
sp15,babble,0dB,0,0.5991750878687017,1.0952433347702026,-0.39766010642051697,0.5368180538526074,1.1268497705459595,1.4144461154937744,0.6034196891321565,1.0933305025100708,-0.31399908661842346
sp16,babble,0dB,0,0.7421741118774025,1.1055446863174438,-1.0603560209274292,0.7119435117840403,1.2314809560775757,4.755576133728027,0.745612522532944,1.1028848886489868,-1.0113707780838013
sp17,babble,0dB,0,0.6112849757049957,1.072826862335205,-0.3598290979862213,0.5869080003225975,1.1748508214950562,2.8246700763702393,0.6139887304460698,1.071386456489563,-0.3055993318557739
sp18,babble,0dB,0,0.639955740320819,1.097804069519043,-0.3059940040111542,0.6223727891954617,1.2015420198440552,5.491744041442871,0.642588309549127,1.0953774452209473,-0.2538021206855774
sp19,babble,0dB,0,0.6194909092300004,1.0649820566177368,-0.6758753061294556,0.6009580301697878,1.227642297744751,6.063084125518799,0.6207025300932942,1.0638829469680786,-0.536156177520752
sp20,babble,0dB,0,0.7136670492065641,1.1294575929641724,-0.5817756652832031,0.6532020178294761,1.2486728429794312,2.323352336883545,0.7162521484094415,1.1248716115951538,-0.49264416098594666
sp21,babble,0dB,0,0.5845972988239189,1.3447422981262207,-0.6255552768707275,0.5324030310355649,1.2415010929107666,2.2036237716674805,0.594066407329953,1.3310390710830688,-0.45632603764533997
sp22,babble,0dB,0,0.5634832778842239,1.1255019903182983,-0.43844032287597656,0.5102098434180091,1.1033358573913574,0.03391658514738083,0.5700698929840551,1.1253886222839355,-0.3515640199184418
sp23,babble,0dB,0,0.6808922119680147,1.2416220903396606,-0.5746496319770813,0.6212280871922888,1.166858434677124,0.37332695722579956,0.6848487381021313,1.2371163368225098,-0.4764921963214874
sp24,babble,0dB,0,0.5387866771416219,1.1706839799880981,-0.4032249450683594,0.4881816745911192,1.1196824312210083,0.8506190776824951,0.5465245144752459,1.1579620838165283,-0.18210360407829285
sp25,babble,0dB,0,0.5812081887936188,1.2641148567199707,-0.3977006673812866,0.5067763746336891,1.1941795349121094,1.5640449523925781,0.5817216484042425,1.250221848487854,-0.23500239849090576
sp26,babble,0dB,0,0.6950257500251282,1.1320710182189941,-0.3413621187210083,0.6799057545891896,1.2070566415786743,1.3789820671081543,0.7017130881910043,1.1289571523666382,-0.28782373666763306
sp27,babble,0dB,0,0.7158348200420588,1.154084324836731,-0.11128886789083481,0.6515135890509824,1.1387264728546143,1.8509407043457031,0.7213934291824935,1.1489043235778809,-0.042167533189058304
sp28,babble,0dB,0,0.7144187168219709,1.0986756086349487,-0.40713006258010864,0.6645263454061783,1.1789042949676514,2.168973445892334,0.7181573199083798,1.0963754653930664,-0.3113788664340973
sp29,babble,0dB,0,0.7196784034425312,1.1444722414016724,-0.631865918636322,0.697101053699172,1.1577626466751099,2.4117491245269775,0.7275243688791693,1.1413174867630005,-0.5639616250991821
sp30,babble,0dB,0,0.6391756326200572,1.1744873523712158,-0.2803684175014496,0.5963140188331005,1.2033147811889648,1.3903238773345947,0.6514614409387219,1.1713007688522339,-0.21317416429519653
sp01,babble,10dB,10,0.862938246303538,1.5284430980682373,9.330820083618164,0.7816841970641237,1.317488431930542,6.964545726776123,0.8662761669411225,1.5109660625457764,9.540013313293457
sp02,babble,10dB,10,0.8775331136319736,1.5831634998321533,9.363906860351562,0.7762981492331621,1.2341938018798828,4.955027103424072,0.8795074168340443,1.5472906827926636,9.512725830078125
sp03,babble,10dB,10,0.8913068152501354,1.5060572624206543,9.45458984375,0.8361956249345244,1.3854594230651855,7.629008769989014,0.8928125446754774,1.4858274459838867,9.540567398071289
sp04,babble,10dB,10,0.8934341277354172,1.7089667320251465,9.567700386047363,0.8367036815536947,1.4006409645080566,7.006995677947998,0.8944507848705593,1.6768018007278442,9.605393409729004
sp05,babble,10dB,10,0.8943830896908976,1.5589916706085205,9.351858139038086,0.7847867426209711,1.2992024421691895,7.122835159301758,0.8953043296070277,1.5377774238586426,9.421037673950195
sp06,babble,10dB,10,0.8936766799529278,1.607538104057312,9.26066780090332,0.8106674957169173,1.5674686431884766,8.242026329040527,0.8950939383977123,1.5769312381744385,9.464760780334473
sp07,babble,10dB,10,0.913171228318435,1.6259626150131226,9.47737979888916,0.8258609504403164,1.3601826429367065,6.849932670593262,0.9137826606449282,1.5952444076538086,9.600526809692383
sp08,babble,10dB,10,0.8689590928276736,1.624701738357544,9.373513221740723,0.7873668068671992,1.3919508457183838,6.836505889892578,0.8719109245826913,1.6003779172897339,9.615565299987793
sp09,babble,10dB,10,0.8358432980632742,1.3801383972167969,9.584163665771484,0.7336750450549626,1.2638490200042725,5.566211700439453,0.8464026994281063,1.3706268072128296,9.775266647338867
sp10,babble,10dB,10,0.8946376604848042,1.5927252769470215,9.420585632324219,0.788630941763685,1.3134058713912964,5.853276252746582,0.8950477721889991,1.565916895866394,9.565953254699707
sp11,babble,10dB,10,0.8202772776034107,1.4116816520690918,9.463621139526367,0.7642474089120356,1.4969933032989502,8.156293869018555,0.8263194043443913,1.4059743881225586,9.661638259887695
sp12,babble,10dB,10,0.8953511406363944,1.4039130210876465,9.778786659240723,0.8190637067629445,1.548663854598999,6.916216850280762,0.898784840521709,1.3972012996673584,9.95872974395752
sp13,babble,10dB,10,0.8735338773102662,1.6204725503921509,8.94325065612793,0.7846290878459853,1.3341666460037231,7.6399922370910645,0.8817581299060637,1.58170485496521,9.083904266357422
sp14,babble,10dB,10,0.8012909922437129,1.3472425937652588,9.634023666381836,0.7405144405538064,1.5252869129180908,9.204734802246094,0.8060626269957712,1.347726583480835,9.91751480102539
sp15,babble,10dB,10,0.8766881641115759,1.4400084018707275,9.715821266174316,0.7818426381197101,1.3205238580703735,5.395015716552734,0.8783592208472072,1.4229319095611572,9.897455215454102
sp16,babble,10dB,10,0.884021374053262,1.4372291564941406,8.868188858032227,0.8441593358512979,1.4969489574432373,10.330255508422852,0.8846940488300405,1.4252818822860718,9.001994132995605
sp17,babble,10dB,10,0.8039252288562062,1.3054310083389282,9.590331077575684,0.7672149521436435,1.448087453842163,8.706609725952148,0.8050288711448453,1.29594087600708,9.713274002075195
sp18,babble,10dB,10,0.8546057104798707,1.4460256099700928,9.618712425231934,0.8027303056523937,1.435609221458435,10.337976455688477,0.8563224537748272,1.423993706703186,9.709534645080566
sp19,babble,10dB,10,0.8321778763406721,1.3082436323165894,9.259971618652344,0.7742604532237012,1.4609620571136475,11.575540542602539,0.8338997808336855,1.3061065673828125,9.468435287475586
sp20,babble,10dB,10,0.8838797490284669,1.4580562114715576,9.485458374023438,0.8294614865777932,1.4514460563659668,8.665445327758789,0.8836236959399586,1.4323009252548218,9.681659698486328
sp21,babble,10dB,10,0.8718774715146324,1.9279804229736328,9.32369613647461,0.7788500017545292,1.308557391166687,6.260951042175293,0.876206897763615,1.8507170677185059,9.649811744689941
sp22,babble,10dB,10,0.8161282784301378,1.459505319595337,9.44382095336914,0.728437149014274,1.2203505039215088,3.975452423095703,0.8179337765471089,1.4396294355392456,9.612713813781738
sp23,babble,10dB,10,0.8717778251243716,1.7069365978240967,9.331225395202637,0.7703775050890356,1.2903838157653809,6.124858379364014,0.8726187196292526,1.6622884273529053,9.490584373474121
sp24,babble,10dB,10,0.8033299816461539,1.5190812349319458,9.716955184936523,0.7190449530737428,1.1958719491958618,3.9847090244293213,0.8126592564794515,1.4708458185195923,9.897764205932617
sp25,babble,10dB,10,0.8465625593190215,1.7581790685653687,9.666337013244629,0.7608456723780057,1.2928547859191895,6.084221839904785,0.8487671850919536,1.7044947147369385,9.856773376464844
sp26,babble,10dB,10,0.9072229949316766,1.664696216583252,9.557448387145996,0.8174270967312046,1.3461658954620361,6.3255510330200195,0.9113346504849237,1.6183152198791504,9.68257999420166
sp27,babble,10dB,10,0.914812762533913,1.6169850826263428,9.54746150970459,0.8001529030194796,1.2961012125015259,7.071287155151367,0.9162566276378921,1.5909250974655151,9.722227096557617
sp28,babble,10dB,10,0.9256924042778429,1.5553860664367676,9.650270462036133,0.8170800098050199,1.4816027879714966,6.569232940673828,0.9263504233848593,1.5249124765396118,9.760455131530762
sp29,babble,10dB,10,0.9208700699184791,1.6101553440093994,9.474395751953125,0.8256733815434845,1.3252280950546265,6.578024864196777,0.9239162856228347,1.5685266256332397,9.596525192260742
sp30,babble,10dB,10,0.8982966929617338,1.704392910003662,9.628223419189453,0.8247830834819678,1.4685441255569458,6.686186790466309,0.9006128159345879,1.652432918548584,9.765130996704102
sp01,babble,15dB,15,0.9337144062070807,1.8497450351715088,14.32737922668457,0.8305963359262984,1.3492794036865234,8.064897537231445,0.9335290090126928,1.8104947805404663,14.583568572998047
sp02,babble,15dB,15,0.9426910527533396,2.073458671569824,14.32517147064209,0.836838559736184,1.2797588109970093,6.065744400024414,0.9434695972412185,1.9536173343658447,14.500909805297852
sp03,babble,15dB,15,0.9637341438346341,1.8757967948913574,14.440305709838867,0.862824627816692,1.3735071420669556,8.699454307556152,0.9647732544489938,1.8213014602661133,14.545440673828125
sp04,babble,15dB,15,0.9452804480450308,2.120021104812622,14.539441108703613,0.8670845533713867,1.4580713510513306,8.475954055786133,0.9458810770441214,2.074833869934082,14.577281951904297
sp05,babble,15dB,15,0.949463664189714,2.030679702758789,14.309138298034668,0.8252167366550722,1.4081051349639893,8.747785568237305,0.9498235198009812,1.981909990310669,14.386181831359863
sp06,babble,15dB,15,0.9364272942628709,2.0151703357696533,14.280750274658203,0.8453907353684972,1.6557267904281616,9.24526596069336,0.9365365819919199,1.9274953603744507,14.487751007080078
sp07,babble,15dB,15,0.9536107282592157,1.8745251893997192,14.53184986114502,0.8452051471318015,1.355329990386963,7.868719577789307,0.9543208599829613,1.816797137260437,14.72532844543457
sp08,babble,15dB,15,0.9455473445187363,2.0313844680786133,14.331665992736816,0.8583429193480158,1.537285566329956,7.877524375915527,0.9473705898952491,1.963626742362976,14.61195182800293
sp09,babble,15dB,15,0.9020675511781296,1.8013675212860107,14.652718544006348,0.7924341698856202,1.4193832874298096,6.853514671325684,0.9061197480306443,1.7579610347747803,14.857965469360352
sp10,babble,15dB,15,0.9367511354925613,1.9072113037109375,14.359559059143066,0.8242841216295838,1.3734785318374634,6.984728813171387,0.9380520782439736,1.870010495185852,14.565103530883789
sp11,babble,15dB,15,0.8962966180619755,1.7829420566558838,14.42694091796875,0.7971552051725427,1.5614807605743408,8.799844741821289,0.898807493296589,1.7455490827560425,14.621112823486328
sp12,babble,15dB,15,0.9428512315047034,1.815383791923523,14.673534393310547,0.8679116297703291,1.597874641418457,8.31159782409668,0.9438356804164598,1.769139289855957,14.833216667175293
sp13,babble,15dB,15,0.9172355018090889,1.9835114479064941,13.928665161132812,0.8390764661445266,1.4345605373382568,9.981554985046387,0.9198456150842678,1.9098913669586182,14.096598625183105
sp14,babble,15dB,15,0.8855377981923194,1.7272915840148926,14.610886573791504,0.7851390055632002,1.575122594833374,11.105609893798828,0.8879957989445312,1.6987857818603516,14.877418518066406
sp15,babble,15dB,15,0.9337850558748934,1.8227475881576538,14.66339111328125,0.8220754350827632,1.4197224378585815,6.598257064819336,0.9328320066838939,1.773497462272644,14.840389251708984
sp16,babble,15dB,15,0.9194728984568472,1.9818408489227295,13.878046035766602,0.8924196539783352,1.5908176898956299,12.510308265686035,0.9195204007022671,1.9296802282333374,14.028243064880371
sp17,babble,15dB,15,0.8915499727091187,1.6931321620941162,14.530130386352539,0.8085487033647182,1.6416101455688477,9.830641746520996,0.8920996808705539,1.6637238264083862,14.667805671691895
sp18,babble,15dB,15,0.8972003103516883,1.800732135772705,14.569045066833496,0.8336211687500837,1.578306794166565,11.93871021270752,0.8974716295784539,1.7584178447723389,14.689119338989258
sp19,babble,15dB,15,0.8879858508033598,1.5741455554962158,14.218400955200195,0.8254256894011872,1.56893789768219,12.567144393920898,0.8880917972881076,1.5549826622009277,14.426738739013672
sp20,babble,15dB,15,0.9235865685682716,1.8182923793792725,14.511659622192383,0.8649391723994264,1.5636072158813477,9.89470386505127,0.9237198725406012,1.7441530227661133,14.75136661529541
sp21,babble,15dB,15,0.9469958384831964,2.4345147609710693,14.314364433288574,0.8338953608339309,1.3936057090759277,7.102751731872559,0.94661126190717,2.290006399154663,14.640630722045898
sp22,babble,15dB,15,0.9316449129270156,2.041179656982422,14.512687683105469,0.8170748778673678,1.2616877555847168,4.711803436279297,0.9314096919797277,1.9523265361785889,14.649910926818848
sp23,babble,15dB,15,0.9653937421431241,2.188993453979492,14.279547691345215,0.8438465038061128,1.363858699798584,7.165188789367676,0.9651187871857105,2.091620922088623,14.434090614318848
sp24,babble,15dB,15,0.9024199212307732,2.099998712539673,14.588476181030273,0.7905239993832763,1.4074469804763794,5.824312210083008,0.9022059358718293,1.995169758796692,14.775455474853516
sp25,babble,15dB,15,0.9557731046201721,2.3121750354766846,14.672636985778809,0.8397993166936688,1.401692271232605,7.36907958984375,0.9562637968781182,2.2439188957214355,14.84283447265625
sp26,babble,15dB,15,0.9713574706009909,2.258732557296753,14.493393898010254,0.8576654055981091,1.4481910467147827,7.309871673583984,0.9719532542883371,2.1303389072418213,14.612918853759766
sp27,babble,15dB,15,0.9736238386972988,2.1956136226654053,14.555280685424805,0.8663605536418083,1.4407639503479004,9.383893966674805,0.9723745423201011,2.1137309074401855,14.708237648010254
sp28,babble,15dB,15,0.9755936002997141,2.0734102725982666,14.647579193115234,0.8493405589469833,1.6453620195388794,8.45437240600586,0.9757737483409997,1.9952471256256104,14.768268585205078
sp29,babble,15dB,15,0.9588720599242766,1.8431782722473145,14.519133567810059,0.8640284391959171,1.4364984035491943,9.07427978515625,0.9589305664693833,1.7777471542358398,14.694615364074707
sp30,babble,15dB,15,0.9502714471458921,2.2619223594665527,14.647358894348145,0.85645687255085,1.6147379875183105,8.261405944824219,0.9529009561079724,2.1261913776397705,14.83535385131836
sp01,babble,5dB,5,0.7761083485352867,1.3659675121307373,4.3294148445129395,0.6899532387553673,1.2170740365982056,3.746166706085205,0.7824022222553179,1.3554867506027222,4.472326755523682
sp02,babble,5dB,5,0.7802574820483723,1.4231563806533813,4.363690376281738,0.7040851960529312,1.186813473701477,3.7895307540893555,0.7843794169491879,1.4038630723953247,4.479531288146973
sp03,babble,5dB,5,0.7608876273268839,1.234986662864685,4.44909143447876,0.7070060704849181,1.2483322620391846,5.213239669799805,0.7638610958740819,1.2308146953582764,4.522918701171875
sp04,babble,5dB,5,0.8176989934298887,1.3815101385116577,4.618433952331543,0.7527992347860596,1.3062400817871094,4.598581314086914,0.8191615926629411,1.3676025867462158,4.644659042358398
sp05,babble,5dB,5,0.7736880820484737,1.2731900215148926,4.322816371917725,0.7000121426305601,1.2745697498321533,5.2950568199157715,0.7774784552706209,1.263777256011963,4.38271951675415
sp06,babble,5dB,5,0.8257248676448927,1.396240234375,4.208311080932617,0.7855827424434759,1.4293339252471924,6.079268932342529,0.8284496805991262,1.3845338821411133,4.363539695739746
sp07,babble,5dB,5,0.7801756526980701,1.289696216583252,4.560231685638428,0.7230064816060713,1.2148046493530273,4.848257064819336,0.7822469687274796,1.284643530845642,4.700252056121826
sp08,babble,5dB,5,0.7682263120939168,1.3711888790130615,4.438663482666016,0.7001482107596608,1.2663333415985107,4.594005584716797,0.7720345661086945,1.3614394664764404,4.6044487953186035
sp09,babble,5dB,5,0.7193407734448253,1.2153037786483765,4.731838226318359,0.6512766752340634,1.2306534051895142,3.298771619796753,0.7267405673747013,1.2220022678375244,4.8652801513671875
sp10,babble,5dB,5,0.7612319795830428,1.2594202756881714,4.348499298095703,0.693791601134535,1.2762428522109985,3.3548312187194824,0.7636818385329727,1.2549433708190918,4.465595245361328
sp11,babble,5dB,5,0.6909155161225319,1.1664174795150757,4.287260055541992,0.6226788381103974,1.2917883396148682,5.38970947265625,0.6977572535794746,1.1632195711135864,4.4337615966796875
sp12,babble,5dB,5,0.8081009659516947,1.2210825681686401,4.538787841796875,0.7499756196482469,1.294818639755249,4.343265533447266,0.8183502615517771,1.2192862033843994,4.694580078125
sp13,babble,5dB,5,0.7895648034907555,1.284945011138916,3.9499950408935547,0.7293448663065429,1.2721977233886719,5.627035140991211,0.7994183808669635,1.2731021642684937,4.073413848876953
sp14,babble,5dB,5,0.6587253336556668,1.1311417818069458,4.687573432922363,0.6157267375618272,1.368402123451233,7.234445571899414,0.6633086532540353,1.1316654682159424,4.901985168457031
sp15,babble,5dB,5,0.7334553298895519,1.1914383172988892,4.686715126037598,0.6508885618062041,1.2595281600952148,4.344691753387451,0.7395707784823331,1.1900887489318848,4.842150688171387
sp16,babble,5dB,5,0.7725518899264472,1.1544578075408936,3.926689863204956,0.7435245003477976,1.3105905055999756,8.154212951660156,0.7737449335390703,1.151377558708191,4.028790473937988
sp17,babble,5dB,5,0.7456641106324866,1.136297345161438,4.501717567443848,0.7245430328606097,1.3280248641967773,6.364555835723877,0.7470267069857521,1.1323738098144531,4.582327365875244
sp18,babble,5dB,5,0.7427147788028985,1.1608998775482178,4.675342082977295,0.6996559657081923,1.2049317359924316,7.582897663116455,0.7448809953714265,1.156156301498413,4.771710395812988
sp19,babble,5dB,5,0.7480458920948269,1.1476757526397705,4.269228935241699,0.7277568482816836,1.3312119245529175,8.476662635803223,0.7481186401080494,1.1449767351150513,4.422520637512207
sp20,babble,5dB,5,0.8141700270302993,1.2671129703521729,4.5683135986328125,0.7628491968898015,1.3544387817382812,6.297101974487305,0.8142943469280163,1.2553141117095947,4.700270175933838
sp21,babble,5dB,5,0.7854288568534755,1.922094464302063,4.290298938751221,0.7183378001915197,1.3934695720672607,4.622739791870117,0.7897374934360013,1.8366878032684326,4.498300075531006
sp22,babble,5dB,5,0.6946380553060194,1.2602198123931885,4.466275691986084,0.6063792848879266,1.1777997016906738,1.4374231100082397,0.6956080148580621,1.2576066255569458,4.586787223815918
sp23,babble,5dB,5,0.7501573602426277,1.3324426412582397,4.384389877319336,0.6762068192278163,1.171338438987732,4.185725212097168,0.7515922240010997,1.3225648403167725,4.545863628387451
sp24,babble,5dB,5,0.692142092328233,1.303932547569275,4.616331577301025,0.6088306093603112,1.1140543222427368,2.501018524169922,0.7036676887879436,1.2773494720458984,4.788487911224365
sp25,babble,5dB,5,0.7290113373434033,1.437121868133545,4.726085186004639,0.7012146343861814,1.2663638591766357,4.424983978271484,0.7367035658423626,1.417862892150879,4.918889045715332
sp26,babble,5dB,5,0.8368930182955594,1.2910337448120117,4.446596145629883,0.7773418023289623,1.2457947731018066,4.235766887664795,0.8394029947354283,1.2809147834777832,4.5547003746032715
sp27,babble,5dB,5,0.834737377615468,1.3236688375473022,4.527364253997803,0.756437608154875,1.2504228353500366,5.134794235229492,0.8382624140880666,1.30976140499115,4.645520210266113
sp28,babble,5dB,5,0.8407953195291659,1.2624465227127075,4.716091156005859,0.7556283498642101,1.3417245149612427,4.891084671020508,0.8418281397075696,1.2551414966583252,4.8096723556518555
sp29,babble,5dB,5,0.843725235083941,1.3219728469848633,4.511082649230957,0.767649208011775,1.2758190631866455,5.116449356079102,0.849273396290187,1.3120825290679932,4.621547698974609
sp30,babble,5dB,5,0.7759683817939741,1.36141836643219,4.576874732971191,0.7124909838710447,1.3377296924591064,4.699078559875488,0.7815153863150395,1.3438230752944946,4.704161167144775
sp01,car,0dB,0,0.6039612688251524,1.1531035900115967,-0.6910444498062134,0.5807201052042417,1.1807081699371338,4.023290634155273,0.6135502860407331,1.1399019956588745,-0.19074557721614838
sp02,car,0dB,0,0.6851559790482536,1.207772970199585,-0.6861501932144165,0.6461758431360426,1.1948672533035278,2.272101402282715,0.6942034377941901,1.2022391557693481,-0.5543385744094849
sp03,car,0dB,0,0.6404751044035331,1.0886214971542358,-0.6357142925262451,0.6085046104473656,1.1195409297943115,3.159731864929199,0.6443383511367181,1.085504174232483,-0.4599874019622803
sp04,car,0dB,0,0.7155570089827361,1.154889464378357,-0.33999189734458923,0.7079240930122469,1.2014572620391846,2.910851001739502,0.7183265170195934,1.1473093032836914,-0.26406532526016235
sp05,car,0dB,0,0.7165793804576416,1.1248853206634521,-0.7319915890693665,0.68999687997795,1.313658595085144,2.91331148147583,0.7205359071090639,1.1215742826461792,-0.677734911441803
sp06,car,0dB,0,0.6987160610640408,1.1270679235458374,-0.6968979835510254,0.7085874597608135,1.2923805713653564,3.4414849281311035,0.704151093129132,1.121945858001709,-0.3775661587715149
sp07,car,0dB,0,0.6448269872222798,1.1343117952346802,-0.41654232144355774,0.6022509177300773,1.1179920434951782,3.324917793273926,0.6458763218843253,1.1268739700317383,-0.11739615350961685
sp08,car,0dB,0,0.6522212266823699,1.1710436344146729,-0.6252754330635071,0.6352400576455024,1.237856149673462,2.4583091735839844,0.6583762119820102,1.1671921014785767,-0.42740869522094727
sp09,car,0dB,0,0.6176565138724898,1.083061933517456,-0.2561134994029999,0.5816916593062474,1.162138819694519,2.4370572566986084,0.6325024357241937,1.0816954374313354,-0.05588497966527939
sp10,car,0dB,0,0.6773837348951539,1.1246496438980103,-0.5471398830413818,0.6649415665317164,1.1584423780441284,1.2866504192352295,0.691481632134639,1.115415334701538,-0.2423325777053833
sp11,car,0dB,0,0.5127266278831358,1.0677212476730347,-0.6902772784233093,0.4858122471664433,1.1347661018371582,2.0524656772613525,0.5251142193169552,1.0627946853637695,-0.30757972598075867
sp12,car,0dB,0,0.7109373929331226,1.09720778465271,-0.11520101130008698,0.6866958921678853,1.1778701543807983,1.4304797649383545,0.7253214978837322,1.090288519859314,0.22633874416351318
sp13,car,0dB,0,0.6297203054859425,1.1163822412490845,-1.0745712518692017,0.636376400820172,1.2616865634918213,3.901309013366699,0.6407790283468497,1.1045788526535034,-0.7500144839286804
sp14,car,0dB,0,0.5621027034730066,1.061474323272705,-0.3043144643306732,0.592630668439681,1.3566704988479614,5.508718967437744,0.5653382427637009,1.060534954071045,-0.05644667521119118
sp15,car,0dB,0,0.5841362829422547,1.0798245668411255,-0.37823373079299927,0.5842432025255937,1.163218379020691,2.5130767822265625,0.5942007742757488,1.0733721256256104,0.05305663123726845
sp16,car,0dB,0,0.7417778523297288,1.0890763998031616,-1.0948363542556763,0.7297894328727837,1.3715784549713135,5.40922212600708,0.7442857925700603,1.0862312316894531,-0.9956830143928528
sp17,car,0dB,0,0.6314926932322193,1.060396671295166,-0.3431367576122284,0.6516649938816798,1.2426862716674805,4.024492263793945,0.6367611912950593,1.0587177276611328,-0.14940550923347473
sp18,car,0dB,0,0.6430046907194319,1.0814076662063599,-0.41178256273269653,0.6460512083212279,1.2286409139633179,4.875688076019287,0.6466068082173856,1.077425241470337,-0.18539980053901672
sp19,car,0dB,0,0.6468876250910928,1.0606322288513184,-0.9923537969589233,0.6608486814170148,1.2802352905273438,5.706916332244873,0.6511199687280612,1.0593338012695312,-0.80264812707901
sp20,car,0dB,0,0.7110370498702622,1.1097368001937866,-0.6303799748420715,0.6786475045790578,1.3082345724105835,4.11616325378418,0.7148657372291611,1.105900764465332,-0.5112264156341553
sp21,car,0dB,0,0.6035818371741755,1.3044452667236328,-0.6930341720581055,0.5935086170470564,1.3609974384307861,2.585055351257324,0.6158139878148691,1.2902195453643799,-0.40154173970222473
sp22,car,0dB,0,0.5626101112185579,1.0901031494140625,-0.35496193170547485,0.5382002489210844,1.1055760383605957,1.7664031982421875,0.5638397992913213,1.0857653617858887,-0.04871180281043053
sp23,car,0dB,0,0.6470956719857832,1.208547592163086,-0.7820919752120972,0.6466696435843804,1.1442371606826782,2.647921085357666,0.6508413978150321,1.2006586790084839,-0.5795008540153503
sp24,car,0dB,0,0.5587664352005853,1.1738073825836182,-0.1997237652540207,0.5625005772881547,1.1637184619903564,2.1440508365631104,0.5720720559677237,1.1633832454681396,0.09842738509178162
sp25,car,0dB,0,0.6036223866246097,1.2496150732040405,-0.27361834049224854,0.6213092546927468,1.1709370613098145,3.1363773345947266,0.6128191523773879,1.2343980073928833,-0.030922669917345047
sp26,car,0dB,0,0.7291133134086716,1.1273350715637207,-0.38829028606414795,0.7478031871903646,1.2881348133087158,3.1964917182922363,0.7334951947021536,1.1235291957855225,-0.25956034660339355
sp27,car,0dB,0,0.6755499856993447,1.14019775390625,-0.6367743611335754,0.6517093594288282,1.168131947517395,2.8341026306152344,0.681572944105146,1.133575677871704,-0.49512022733688354
sp28,car,0dB,0,0.7340618218916786,1.1025176048278809,-0.13824012875556946,0.7269257175142144,1.3070694208145142,3.762075424194336,0.7392266531871285,1.09878671169281,0.028427401557564735
sp29,car,0dB,0,0.699822226157304,1.1052279472351074,-0.5378990769386292,0.6932013039490654,1.2477439641952515,3.4970285892486572,0.7092893820555424,1.1023091077804565,-0.3931785225868225
sp30,car,0dB,0,0.5979061593850192,1.1422631740570068,-0.4370502829551697,0.6016037856105265,1.242047667503357,2.8437137603759766,0.6182488124177602,1.1297465562820435,-0.0271927397698164
sp01,car,10dB,10,0.8237535060859084,1.377684235572815,9.405618667602539,0.7409642840250678,1.2336946725845337,7.026913642883301,0.8341047810740105,1.3587864637374878,9.900249481201172
sp02,car,10dB,10,0.8718485365238783,1.5435346364974976,9.294880867004395,0.8013115745422601,1.2028286457061768,5.246827602386475,0.8732571214202627,1.502427577972412,9.549158096313477
sp03,car,10dB,10,0.8777356344522549,1.3892524242401123,9.482154846191406,0.8200188432743856,1.3885247707366943,7.838807582855225,0.8804367011668828,1.3795897960662842,9.617191314697266
sp04,car,10dB,10,0.8571324174971795,1.4572192430496216,9.593204498291016,0.7896422234924143,1.260051965713501,6.582622528076172,0.8590597105301643,1.4304544925689697,9.713605880737305
sp05,car,10dB,10,0.873158861417919,1.42756187915802,9.343238830566406,0.7977511468638003,1.3917046785354614,7.691705703735352,0.8751878930308107,1.408286213874817,9.439390182495117
sp06,car,10dB,10,0.8819104111652794,1.4058213233947754,9.284088134765625,0.8009269951989892,1.4720687866210938,7.510843753814697,0.8891156647365861,1.3980340957641602,9.87301254272461
sp07,car,10dB,10,0.8886201959147279,1.3774995803833008,9.483695030212402,0.8162986531965387,1.329037070274353,6.986565589904785,0.8933263463168852,1.3633756637573242,9.857891082763672
sp08,car,10dB,10,0.888125030454432,1.4824151992797852,9.345115661621094,0.8064881308989051,1.2771724462509155,5.128613471984863,0.8938625022585596,1.4861938953399658,9.973159790039062
sp09,car,10dB,10,0.8058246423851512,1.2891845703125,9.657817840576172,0.7315534987016264,1.336181879043579,5.7411298751831055,0.8271760526171227,1.3131680488586426,10.257301330566406
sp10,car,10dB,10,0.881074923699801,1.4022605419158936,9.35426139831543,0.785495378165832,1.3165695667266846,6.28499698638916,0.8828391389507807,1.3882570266723633,9.625886917114258
sp11,car,10dB,10,0.830631895359489,1.3054418563842773,9.459543228149414,0.7429838272149074,1.350981593132019,6.6588335037231445,0.8443082136283424,1.3169445991516113,10.041315078735352
sp12,car,10dB,10,0.8870955506681687,1.3309067487716675,9.71129035949707,0.819712668905026,1.511433482170105,6.97997522354126,0.8930027447903562,1.3373464345932007,10.170406341552734
sp13,car,10dB,10,0.858077856667616,1.5252776145935059,8.86559772491455,0.8032930596213446,1.374753475189209,8.088546752929688,0.8664507540442469,1.4963808059692383,9.075128555297852
sp14,car,10dB,10,0.803324854355853,1.3378732204437256,9.625118255615234,0.7475294487047643,1.5085945129394531,9.479190826416016,0.8097315944892327,1.3397064208984375,10.034353256225586
sp15,car,10dB,10,0.8688548433212685,1.3814014196395874,9.717968940734863,0.7886760950005052,1.3931663036346436,5.981234550476074,0.8729691953256321,1.3813457489013672,9.975198745727539
sp16,car,10dB,10,0.8525406546798081,1.3943336009979248,8.919357299804688,0.8248257726627141,1.6597599983215332,10.181306838989258,0.8535663570847347,1.396009087562561,9.22658634185791
sp17,car,10dB,10,0.8532112089264563,1.2911080121994019,9.564422607421875,0.7943085763553245,1.4645352363586426,8.362432479858398,0.8557195612432095,1.28866446018219,9.848566055297852
sp18,car,10dB,10,0.8482337585309224,1.3381752967834473,9.581648826599121,0.7996381907314798,1.5222136974334717,9.951416015625,0.8501845919189321,1.3228260278701782,9.917173385620117
sp19,car,10dB,10,0.838167921127997,1.2570979595184326,9.146086692810059,0.8051132703305697,1.603670358657837,10.582047462463379,0.8379194707243176,1.256786823272705,9.43609619140625
sp20,car,10dB,10,0.8771623915743934,1.4827828407287598,9.51054573059082,0.8412072243269885,1.5289374589920044,8.605703353881836,0.8766612795594907,1.464599847793579,9.766803741455078
sp21,car,10dB,10,0.8475884865407846,1.7023409605026245,9.352950096130371,0.786330891315747,1.3369803428649902,6.647123336791992,0.8621876801463535,1.6737747192382812,10.164384841918945
sp22,car,10dB,10,0.8169564601993569,1.3573756217956543,9.44556713104248,0.7492603176519289,1.1853517293930054,4.124996185302734,0.8207267094617353,1.3490418195724487,9.699580192565918
sp23,car,10dB,10,0.8776394047275659,1.5824987888336182,9.260522842407227,0.8050942950296844,1.3508148193359375,6.323207855224609,0.8799756380873694,1.552662968635559,9.513306617736816
sp24,car,10dB,10,0.8063032679663362,1.557523488998413,9.582304000854492,0.7310956075022361,1.3086720705032349,4.769475936889648,0.8148324668290065,1.534475326538086,9.95334243774414
sp25,car,10dB,10,0.8461180493983292,1.6422128677368164,9.644576072692871,0.8029100853548569,1.367471694946289,6.411596298217773,0.8557297912779173,1.6202392578125,9.939661026000977
sp26,car,10dB,10,0.9129564166964547,1.5529141426086426,9.484092712402344,0.8240919064295547,1.3416517972946167,6.440553188323975,0.9143173634186954,1.5341646671295166,9.66834545135498
sp27,car,10dB,10,0.9130518704981027,1.4831786155700684,9.51663875579834,0.815117411337602,1.330663800239563,7.383719444274902,0.9168456521713081,1.4689701795578003,9.863160133361816
sp28,car,10dB,10,0.9074885279673475,1.445928692817688,9.660276412963867,0.8059117995384334,1.5270605087280273,7.685293197631836,0.9096411382811409,1.4298691749572754,9.993532180786133
sp29,car,10dB,10,0.907190875756428,1.45517098903656,9.54140853881836,0.8372599176909338,1.3906607627868652,7.582316875457764,0.914853606132548,1.4540205001831055,9.956216812133789
sp30,car,10dB,10,0.8620248994776489,1.5450475215911865,9.560402870178223,0.7970279670960314,1.5423526763916016,6.743783950805664,0.8728086167979714,1.5160448551177979,10.05339527130127
sp01,car,15dB,15,0.9285042348082185,1.8311500549316406,14.337416648864746,0.8397588633060719,1.3909722566604614,7.928257942199707,0.9283352881128714,1.8022792339324951,14.664610862731934
sp02,car,15dB,15,0.9366708316058954,1.9906420707702637,14.318140983581543,0.8294257465019663,1.2431007623672485,6.07465934753418,0.938850769050994,1.8767824172973633,14.581338882446289
sp03,car,15dB,15,0.9492732969859673,1.7441439628601074,14.448995590209961,0.8609998770104985,1.4352065324783325,9.316744804382324,0.9513680259816618,1.6973950862884521,14.678060531616211
sp04,car,15dB,15,0.9387037602125738,1.8737499713897705,14.540295600891113,0.8626112540705124,1.4660706520080566,8.388092041015625,0.9393614320329435,1.8326404094696045,14.622177124023438
sp05,car,15dB,15,0.9300477838625295,1.7684242725372314,14.363789558410645,0.8329270928527625,1.429593563079834,9.375654220581055,0.9308608935538879,1.7392940521240234,14.480110168457031
sp06,car,15dB,15,0.936027101524007,1.7727675437927246,14.238754272460938,0.8641925146379553,1.701133370399475,9.62171745300293,0.9372751004440285,1.7300500869750977,14.576716423034668
sp07,car,15dB,15,0.9477471056236493,1.7396600246429443,14.51535415649414,0.8444614405281551,1.3641811609268188,7.907142639160156,0.9489751394193309,1.7018706798553467,14.769914627075195
sp08,car,15dB,15,0.9362541320106881,1.7939380407333374,14.39720344543457,0.8400572465092013,1.3986179828643799,7.481691837310791,0.9399778854007114,1.7802743911743164,15.080499649047852
sp09,car,15dB,15,0.8946196913102392,1.5797603130340576,14.617044448852539,0.7870181480294667,1.4513450860977173,7.131099224090576,0.9069514702630215,1.5771050453186035,15.084644317626953
sp10,car,15dB,15,0.9333648718928813,1.6857867240905762,14.359926223754883,0.820520563050664,1.384291172027588,6.990914821624756,0.9354427915985838,1.6757570505142212,14.806703567504883
sp11,car,15dB,15,0.8997852108315866,1.7031831741333008,14.436206817626953,0.8038704788482408,1.5734796524047852,8.804899215698242,0.903504169729018,1.6944997310638428,14.947623252868652
sp12,car,15dB,15,0.9478224207137708,1.689589500427246,14.704276084899902,0.8579048636567648,1.5835334062576294,8.3650484085083,0.9488002405404486,1.6677910089492798,15.032634735107422
sp13,car,15dB,15,0.9244107014735474,1.9823212623596191,13.965481758117676,0.8366173221600843,1.4072740077972412,9.617287635803223,0.9254807668151154,1.9270228147506714,14.181751251220703
sp14,car,15dB,15,0.8604529080092346,1.5502455234527588,14.632061004638672,0.768187221972138,1.5978779792785645,10.983733177185059,0.8664986468082075,1.542750597000122,15.277886390686035
sp15,car,15dB,15,0.9108389909562025,1.729485273361206,14.667588233947754,0.7978549150912178,1.4314476251602173,6.675533294677734,0.9112328504840634,1.7135918140411377,14.970183372497559
sp16,car,15dB,15,0.9092705411909181,1.6823861598968506,13.918426513671875,0.8969470555645265,1.715798258781433,13.571163177490234,0.9090419177232815,1.6616244316101074,14.134946823120117
sp17,car,15dB,15,0.8966749282535038,1.6124213933944702,14.53554630279541,0.8217660105411044,1.587437391281128,9.53400993347168,0.8964963837918095,1.5845458507537842,14.722981452941895
sp18,car,15dB,15,0.9146768181770952,1.7335293292999268,14.601372718811035,0.8310678904279836,1.6252093315124512,11.700071334838867,0.9149370697945781,1.6855425834655762,14.769451141357422
sp19,car,15dB,15,0.8880973054802492,1.4786350727081299,14.183626174926758,0.830873368352661,1.6555571556091309,12.542601585388184,0.8879816394245783,1.4827704429626465,14.752511024475098
sp20,car,15dB,15,0.921641960830526,1.7546496391296387,14.538697242736816,0.8624446640408281,1.6997369527816772,10.069931983947754,0.9218174280335096,1.707179069519043,15.042470932006836
sp21,car,15dB,15,0.939834266682805,2.261528491973877,14.367642402648926,0.8304212773931423,1.4164260625839233,7.435946941375732,0.9396775863668805,2.1859049797058105,15.082859992980957
sp22,car,15dB,15,0.9025624250200319,1.7373201847076416,14.481376647949219,0.7952302495728846,1.2594645023345947,4.911872386932373,0.9047999524568047,1.691826343536377,14.740798950195312
sp23,car,15dB,15,0.947485643896601,1.9425567388534546,14.332496643066406,0.8402075172986467,1.402120590209961,7.539621353149414,0.9487760812550458,1.8758654594421387,14.600866317749023
sp24,car,15dB,15,0.9007505957931916,1.9812092781066895,14.612217903137207,0.8020619672224267,1.444718599319458,5.684335708618164,0.8968441667481443,1.9111828804016113,14.959883689880371
sp25,car,15dB,15,0.9259467707344124,1.9823403358459473,14.64755630493164,0.8440909550429027,1.4082276821136475,7.866674423217773,0.9309709719660266,1.9369786977767944,14.958109855651855
sp26,car,15dB,15,0.9636474960955198,2.0206542015075684,14.506183624267578,0.851937199774688,1.422868251800537,7.542173862457275,0.963277193210463,1.9239251613616943,14.726367950439453
sp27,car,15dB,15,0.9576309775286354,1.9788458347320557,14.531900405883789,0.8579454165239891,1.402278184890747,8.78982162475586,0.9576693984254627,1.9148838520050049,14.76976490020752
sp28,car,15dB,15,0.9636725483289279,1.8939599990844727,14.649724960327148,0.847233601435636,1.6462997198104858,8.789406776428223,0.9639645781072861,1.8513317108154297,14.844234466552734
sp29,car,15dB,15,0.9583636227152186,1.8951334953308105,14.493301391601562,0.8652482475324516,1.46559739112854,8.935281753540039,0.959562226953779,1.8353172540664673,14.751384735107422
sp30,car,15dB,15,0.9493223724190363,2.1234612464904785,14.630514144897461,0.8501103244683192,1.5103659629821777,7.680988788604736,0.9506137556515066,2.0108184814453125,14.891860961914062
sp01,car,5dB,5,0.7083233476398652,1.260582447052002,4.323303699493408,0.6746673941413811,1.2653465270996094,5.643954277038574,0.7140610268792572,1.2587214708328247,4.599478244781494
sp02,car,5dB,5,0.7762085447323589,1.3414897918701172,4.341708660125732,0.7252865727864011,1.2375192642211914,4.175500869750977,0.7836651518009305,1.3320271968841553,4.554203510284424
sp03,car,5dB,5,0.7616191053421707,1.195222020149231,4.586897850036621,0.7418402912738378,1.2673285007476807,5.9655961990356445,0.7644249545859024,1.192939043045044,4.712876796722412
sp04,car,5dB,5,0.8097172982914564,1.308938980102539,4.642847061157227,0.7504487811551022,1.348230242729187,5.319233417510986,0.8120720127225546,1.2976809740066528,4.690576076507568
sp05,car,5dB,5,0.7963020863350997,1.1774225234985352,4.485323429107666,0.7195983385621257,1.349130392074585,6.098081588745117,0.8017398499701218,1.1705505847930908,4.683028221130371
sp06,car,5dB,5,0.7661887324935018,1.1936895847320557,4.269077777862549,0.7194947582927774,1.3268344402313232,6.141162872314453,0.764303792594752,1.181999683380127,4.71983528137207
sp07,car,5dB,5,0.7879644783251895,1.1942675113677979,4.535435676574707,0.7560289778467904,1.2596936225891113,5.622051239013672,0.7927159848381196,1.1860297918319702,4.8975138664245605
sp08,car,5dB,5,0.78182935844311,1.283071756362915,4.4114298820495605,0.7587232187469419,1.3450062274932861,4.880094051361084,0.786731830999376,1.2762495279312134,4.687512397766113
sp09,car,5dB,5,0.7320624335943938,1.1559760570526123,4.591888427734375,0.6845604025930586,1.2844021320343018,4.43028450012207,0.7442467004343989,1.162511944770813,4.884574890136719
sp10,car,5dB,5,0.7586752355669919,1.1783894300460815,4.38687801361084,0.7135863771505457,1.311091661453247,4.651622295379639,0.763266351154435,1.1736674308776855,4.780004978179932
sp11,car,5dB,5,0.6898178168282572,1.1489198207855225,4.43524694442749,0.6809312263224466,1.4010814428329468,5.8647613525390625,0.7013992165862611,1.1550936698913574,4.694029808044434
sp12,car,5dB,5,0.8124200960274842,1.182981252670288,4.650163173675537,0.7854395543614116,1.4276292324066162,5.33922004699707,0.8217819237962211,1.1771000623703003,4.870733737945557
sp13,car,5dB,5,0.6628195651168269,1.2619681358337402,4.00501823425293,0.6161164754720351,1.282785415649414,5.891252040863037,0.6676094653435714,1.2426685094833374,4.316944599151611
sp14,car,5dB,5,0.6904297924679473,1.1437023878097534,4.604081630706787,0.6897203040416283,1.506359338760376,7.438251972198486,0.6986129194604151,1.1450380086898804,4.8956804275512695
sp15,car,5dB,5,0.7555847285819137,1.1747658252716064,4.6835103034973145,0.723919454789075,1.3260622024536133,4.932852268218994,0.7597511866133285,1.1732633113861084,4.969030380249023
sp16,car,5dB,5,0.8105278428661645,1.1633814573287964,3.8188602924346924,0.7992940339215269,1.6138274669647217,8.14343547821045,0.8172539402859781,1.1582781076431274,4.127239227294922
sp17,car,5dB,5,0.7048824716081683,1.091562032699585,4.545694828033447,0.7066949858440191,1.3376185894012451,6.562021255493164,0.7099065886248803,1.0889394283294678,4.878897666931152
sp18,car,5dB,5,0.7219438609351465,1.1466232538223267,4.676026821136475,0.694392621752939,1.2474579811096191,7.3020124435424805,0.7247953034411257,1.1397802829742432,4.918798923492432
sp19,car,5dB,5,0.730966672979743,1.1283575296401978,4.2286376953125,0.7349295832339164,1.4180097579956055,8.701715469360352,0.7381482407434641,1.1274558305740356,4.627553462982178
sp20,car,5dB,5,0.814046029035262,1.2194666862487793,4.500692844390869,0.7790321306624319,1.4041298627853394,6.55364465713501,0.8147851709893684,1.2133814096450806,4.710186958312988
sp21,car,5dB,5,0.7394119972245387,1.4227948188781738,4.3205885887146,0.7115226727959026,1.2580989599227905,4.549107551574707,0.7543022060903638,1.393772006034851,4.976114749908447
sp22,car,5dB,5,0.7042744826921478,1.1736794710159302,4.491754055023193,0.6720610933154633,1.2165940999984741,3.482854127883911,0.7068470585758997,1.1714321374893188,4.719176769256592
sp23,car,5dB,5,0.7597448618581758,1.2916109561920166,4.275923728942871,0.7263068876617984,1.2906200885772705,4.746183395385742,0.764492348117477,1.2943248748779297,4.616601467132568
sp24,car,5dB,5,0.6691795047475437,1.336707592010498,4.679445743560791,0.6264762156519059,1.2368748188018799,3.401026725769043,0.6851303843676446,1.3166412115097046,5.027261257171631
sp25,car,5dB,5,0.7135045356076106,1.3828859329223633,4.67062520980835,0.7208245502335382,1.3093498945236206,4.9737982749938965,0.7252254779744183,1.3693864345550537,4.976419448852539
sp26,car,5dB,5,0.8144376907479414,1.2017698287963867,4.526205539703369,0.77842276301574,1.3329613208770752,5.221881866455078,0.8236698260671323,1.1989206075668335,4.934403419494629
sp27,car,5dB,5,0.7910240637433039,1.261699914932251,4.5894060134887695,0.7419378741240855,1.267181396484375,6.017591953277588,0.8028053013458589,1.2505978345870972,5.010381698608398
sp28,car,5dB,5,0.8434425757242193,1.2087616920471191,4.724153995513916,0.7713011643783079,1.4823403358459473,5.96686315536499,0.846911504108002,1.2041438817977905,4.985604763031006
sp29,car,5dB,5,0.8092409768430228,1.212001919746399,4.479475021362305,0.7713350969397406,1.2975757122039795,6.049544334411621,0.815212263394119,1.2059842348098755,4.805302143096924
sp30,car,5dB,5,0.7661955839316668,1.304430603981018,4.607698440551758,0.7476497065624483,1.4290043115615845,5.009090423583984,0.7802199877208297,1.2897491455078125,4.8913445472717285
sp01,exhibition,0dB,0,0.6636638702286927,1.1436347961425781,-0.6682663559913635,0.5886971090743757,1.1280248165130615,3.0597639083862305,0.6737983010174406,1.1287890672683716,-0.05979737639427185
sp02,exhibition,0dB,0,0.7271985022582256,1.1571791172027588,-0.9111469984054565,0.6712785621512142,1.0805811882019043,-0.31525954604148865,0.7353203978773023,1.1422410011291504,-0.5537248253822327
sp03,exhibition,0dB,0,0.7158653783587681,1.0862118005752563,-0.5345289707183838,0.6331346955235908,1.0446081161499023,-1.0578371286392212,0.7185937282100376,1.0823900699615479,-0.376545786857605
sp04,exhibition,0dB,0,0.8021558875495,1.140494704246521,-0.37272506952285767,0.7423788326019232,1.0578690767288208,-2.6429948806762695,0.8036422111543754,1.1339105367660522,-0.322195440530777
sp05,exhibition,0dB,0,0.7542384499717507,1.1318175792694092,-0.6803402900695801,0.666851735832006,1.1582692861557007,1.7019126415252686,0.7570938033446772,1.126566767692566,-0.5776397585868835
sp06,exhibition,0dB,0,0.7250617168128041,1.1377167701721191,-0.902058482170105,0.6689933166312934,1.1502424478530884,1.5025652647018433,0.7272765145358933,1.1284003257751465,-0.5348923206329346
sp07,exhibition,0dB,0,0.7276016015388946,1.1409695148468018,-0.3347721993923187,0.6725130557588431,1.1096175909042358,3.2589964866638184,0.7305348988612523,1.1292579174041748,0.10550978779792786
sp08,exhibition,0dB,0,0.7361255070216118,1.1741310358047485,-0.6925996541976929,0.6874618362010969,1.1794525384902954,1.822381615638733,0.7388591858046056,1.1594676971435547,-0.13576197624206543
sp09,exhibition,0dB,0,0.7510126076187821,1.0878561735153198,-0.46849653124809265,0.6666633888826826,1.0874230861663818,-3.2541301250457764,0.7543860759226149,1.0829898118972778,-0.18248802423477173
sp10,exhibition,0dB,0,0.7997400461820325,1.1793245077133179,-0.650187075138092,0.7085605745283814,1.0929385423660278,-3.5593481063842773,0.8059901258008952,1.16781747341156,-0.4176844358444214
sp11,exhibition,0dB,0,0.6424679557201451,1.086927890777588,-0.5965232253074646,0.610256040095535,1.156219720840454,2.953214645385742,0.6573183952908853,1.0767221450805664,-0.05023195967078209
sp12,exhibition,0dB,0,0.7342174049991035,1.1009191274642944,-0.20125000178813934,0.6432472051396495,1.127676010131836,1.0723050832748413,0.7422169745701006,1.0893504619598389,0.22098970413208008
sp13,exhibition,0dB,0,0.6975839673103748,1.1444772481918335,-1.0839937925338745,0.6422740492522918,1.2902593612670898,2.569941997528076,0.706305425624663,1.1285299062728882,-0.7505974769592285
sp14,exhibition,0dB,0,0.6601598505145878,1.1122325658798218,-0.37655115127563477,0.5901763341436416,1.1814732551574707,0.45693904161453247,0.664855698977271,1.1080694198608398,0.03915667533874512
sp15,exhibition,0dB,0,0.6610083906955793,1.0725607872009277,-0.32875150442123413,0.5719308723394553,1.0652475357055664,0.5185444355010986,0.6670962191243025,1.0646005868911743,0.11753425747156143
sp16,exhibition,0dB,0,0.7823261060735975,1.0968438386917114,-0.9952015280723572,0.7646502817174514,1.3134315013885498,4.9015374183654785,0.7891800323441921,1.0936850309371948,-0.7786685228347778
sp17,exhibition,0dB,0,0.6473453973606179,1.0657614469528198,-0.3831304609775543,0.62764376662176,1.1091463565826416,1.408226728439331,0.6498366574296659,1.0624761581420898,-0.14765234291553497
sp18,exhibition,0dB,0,0.6859412497736382,1.0844734907150269,-0.5342317819595337,0.6563024309865364,1.2005209922790527,5.285472393035889,0.6895540288785111,1.0780940055847168,-0.28005778789520264
sp19,exhibition,0dB,0,0.7399900282119042,1.1148245334625244,-0.8400010466575623,0.6966206072015306,1.114649772644043,0.271154522895813,0.7431054077342981,1.111273169517517,-0.5677511692047119
sp20,exhibition,0dB,0,0.8064926181231952,1.1557530164718628,-0.4784729480743408,0.7319517526967303,1.146615982055664,-1.5768038034439087,0.8053629316386597,1.1449384689331055,-0.2527824342250824
sp21,exhibition,0dB,0,0.6718569311621257,1.3155882358551025,-0.5105698108673096,0.5904343058370904,1.177560806274414,2.235029935836792,0.682113776085295,1.258573293685913,0.3403741121292114
sp22,exhibition,0dB,0,0.6346678896509321,1.1058824062347412,-0.47810879349708557,0.5553305592252562,1.0955004692077637,1.034085988998413,0.6373985427153401,1.0975346565246582,-0.09332910180091858
sp23,exhibition,0dB,0,0.7040414399544235,1.185610294342041,-0.6104971170425415,0.5968104562912674,1.100081443786621,0.3974643051624298,0.7090037934881974,1.1696614027023315,-0.24917589128017426
sp24,exhibition,0dB,0,0.6226418731124044,1.2048475742340088,-0.47302618622779846,0.519073039424065,1.058425784111023,-3.152843952178955,0.6239645805730589,1.1722105741500854,-0.020019423216581345
sp25,exhibition,0dB,0,0.6602855405864058,1.1917403936386108,-0.20048953592777252,0.6085289296119643,1.0965231657028198,2.93898344039917,0.6672042136934341,1.1573116779327393,0.5082321763038635
sp26,exhibition,0dB,0,0.7607319082659273,1.1283793449401855,-0.4423680603504181,0.6940789471557478,1.1814937591552734,1.5353341102600098,0.7641323518836769,1.121214747428894,-0.19204163551330566
sp27,exhibition,0dB,0,0.7679812456141516,1.1675450801849365,-0.3338029384613037,0.7066897446426058,1.2043460607528687,2.708315849304199,0.7755162168400029,1.1552371978759766,-0.04980093985795975
sp28,exhibition,0dB,0,0.7758812715112862,1.113258719444275,-0.4619162678718567,0.6676667983502688,1.2373477220535278,2.81703519821167,0.7821011925003104,1.103118896484375,-0.1205323338508606
sp29,exhibition,0dB,0,0.8318523669234352,1.1392385959625244,-0.4231896996498108,0.7218870853578955,1.0558996200561523,-2.464226245880127,0.8410156377507902,1.1272581815719604,-0.19374409317970276
sp30,exhibition,0dB,0,0.6610846577078897,1.1436628103256226,-0.4085523188114166,0.6134911695215095,1.2081390619277954,2.608959197998047,0.669333618198416,1.130176305770874,0.01010188926011324
sp01,exhibition,10dB,10,0.8466857675260022,1.3425873517990112,9.361654281616211,0.7585773774832602,1.2715671062469482,7.197056770324707,0.8546090771728426,1.331709861755371,10.042814254760742
sp02,exhibition,10dB,10,0.914985724086723,1.5987322330474854,9.30876636505127,0.795923199574023,1.184167504310608,4.45758056640625,0.918445729824235,1.5429798364639282,9.658973693847656
sp03,exhibition,10dB,10,0.8330050237986137,1.2536276578903198,9.47574234008789,0.7238216176520073,1.3296349048614502,8.59608268737793,0.8353171335519408,1.2417974472045898,9.806934356689453
sp04,exhibition,10dB,10,0.9359797997975534,1.5721867084503174,9.497100830078125,0.8164127811022422,1.3136253356933594,6.579998970031738,0.9382207954986221,1.551664113998413,9.589068412780762
sp05,exhibition,10dB,10,0.9196088372517117,1.3526945114135742,9.312068939208984,0.8062719261177443,1.3172191381454468,7.794465065002441,0.9231802517373751,1.3283841609954834,9.513422012329102
sp06,exhibition,10dB,10,0.91338136694405,1.4204498529434204,9.210938453674316,0.8040086763836858,1.533036708831787,8.15977668762207,0.917847798915803,1.4042167663574219,9.727020263671875
sp07,exhibition,10dB,10,0.9162890092509262,1.4644992351531982,9.536633491516113,0.7943804176882264,1.1788676977157593,6.202838897705078,0.9192402808106452,1.4346234798431396,9.923160552978516
sp08,exhibition,10dB,10,0.9091558836344833,1.4835753440856934,9.370895385742188,0.8066721420366237,1.3701632022857666,6.560122966766357,0.9137513421387901,1.4807498455047607,9.913382530212402
sp09,exhibition,10dB,10,0.8714176066183452,1.2766987085342407,9.617420196533203,0.7451057725125924,1.2216815948486328,5.507354259490967,0.886373187764885,1.2754623889923096,10.20268440246582
sp10,exhibition,10dB,10,0.9412228164140051,1.5000555515289307,9.331903457641602,0.810907593071526,1.223957896232605,5.03987979888916,0.9421134806718825,1.4804084300994873,9.74201774597168
sp11,exhibition,10dB,10,0.8738484134213607,1.2958014011383057,9.371265411376953,0.7550667169956276,1.417272925376892,7.344766616821289,0.881713562202046,1.2927849292755127,10.024065971374512
sp12,exhibition,10dB,10,0.9385422920345851,1.4227811098098755,9.723660469055176,0.8333007241492043,1.294290542602539,6.3556013107299805,0.9435402419352131,1.4009140729904175,10.128545761108398
sp13,exhibition,10dB,10,0.8880502149132079,1.6213446855545044,8.956257820129395,0.7691589136157563,1.300411343574524,7.914261817932129,0.8949732037730366,1.5705606937408447,9.392894744873047
sp14,exhibition,10dB,10,0.8606589611991634,1.3479909896850586,9.625648498535156,0.7750831017003472,1.5077091455459595,8.65176010131836,0.8660651519947227,1.3525373935699463,10.309146881103516
sp15,exhibition,10dB,10,0.9140960502223718,1.3373160362243652,9.666062355041504,0.7986908909987622,1.3928213119506836,6.0928850173950195,0.9186154873703792,1.3380382061004639,10.195356369018555
sp16,exhibition,10dB,10,0.9413186381348424,1.3902138471603394,8.891646385192871,0.8725678411724651,1.627220630645752,11.082595825195312,0.9414814217710875,1.3802443742752075,9.227794647216797
sp17,exhibition,10dB,10,0.927973129012932,1.3879082202911377,9.531325340270996,0.8060288447643142,1.456791877746582,7.195458889007568,0.9301690889972647,1.355808138847351,9.777521133422852
sp18,exhibition,10dB,10,0.9182864402484595,1.3036941289901733,9.598752975463867,0.8166158889752693,1.4718648195266724,9.957447052001953,0.9209239100260658,1.2828537225723267,9.943635940551758
sp19,exhibition,10dB,10,0.8617707942086885,1.2318623065948486,9.235918998718262,0.7784542479538759,1.410447597503662,10.632791519165039,0.8642748655519983,1.2249743938446045,9.770645141601562
sp20,exhibition,10dB,10,0.9465246607368959,1.5705482959747314,9.552498817443848,0.8573923638481625,1.5213958024978638,9.019413948059082,0.9464137250326605,1.5545753240585327,9.994072914123535
sp21,exhibition,10dB,10,0.8971459443084334,1.7488709688186646,9.328459739685059,0.7684797161328065,1.1883599758148193,5.767335414886475,0.9004309144568625,1.6656584739685059,10.053080558776855
sp22,exhibition,10dB,10,0.8403581975901062,1.315505862236023,9.505995750427246,0.7371083477281333,1.239464521408081,4.2892608642578125,0.843888993516487,1.3098819255828857,10.07590103149414
sp23,exhibition,10dB,10,0.9167277342562556,1.5386114120483398,9.25687026977539,0.805158364712794,1.2924883365631104,6.604854583740234,0.9199124530869475,1.5062707662582397,9.679972648620605
sp24,exhibition,10dB,10,0.792820244264507,1.4524626731872559,9.591334342956543,0.6997322376141099,1.2446438074111938,4.964170932769775,0.8122300548529547,1.411583423614502,10.4326810836792
sp25,exhibition,10dB,10,0.8172568411789043,1.451094388961792,9.72073745727539,0.6981413288129262,1.227665662765503,6.952138423919678,0.822012087297958,1.411932110786438,10.286252975463867
sp26,exhibition,10dB,10,0.9474853795637868,1.506561040878296,9.480544090270996,0.8362088428305452,1.357827067375183,6.283151626586914,0.9517384455446002,1.4973194599151611,9.956001281738281
sp27,exhibition,10dB,10,0.9211925154676012,1.5567235946655273,9.592000007629395,0.8081360773717272,1.3230568170547485,7.521391868591309,0.9230272465682847,1.5279145240783691,10.007973670959473
sp28,exhibition,10dB,10,0.9658375328767363,1.435112714767456,9.67211627960205,0.8349762391406317,1.4655293226242065,7.34318208694458,0.968324867549124,1.4127696752548218,10.10218620300293
sp29,exhibition,10dB,10,0.9561861919288432,1.6598219871520996,9.476432800292969,0.8399157857415903,1.263178825378418,6.792417526245117,0.9596902856085608,1.6107022762298584,9.809579849243164
sp30,exhibition,10dB,10,0.8966735636317695,1.5516266822814941,9.628313064575195,0.7989902830973904,1.4068183898925781,6.742878437042236,0.9068573749423431,1.4957098960876465,10.148874282836914
sp01,exhibition,15dB,15,0.9210305120482029,1.7037715911865234,14.360013008117676,0.8270200043258488,1.3921151161193848,8.528042793273926,0.9215516497508426,1.68002188205719,15.052552223205566
sp02,exhibition,15dB,15,0.9509974349167102,1.8793165683746338,14.336546897888184,0.8277663519596855,1.2992610931396484,6.156116008758545,0.9544851650378501,1.8003216981887817,14.951353073120117
sp03,exhibition,15dB,15,0.9337108502935687,1.6478946208953857,14.478354454040527,0.8424426052607873,1.411080241203308,9.787550926208496,0.9361501634608871,1.60048246383667,14.768437385559082
sp04,exhibition,15dB,15,0.969433782733009,1.8737359046936035,14.561100959777832,0.8629256147537635,1.5075381994247437,8.53364086151123,0.9710623461051775,1.8234195709228516,14.668411254882812
sp05,exhibition,15dB,15,0.9807639203972294,1.9575116634368896,14.340132713317871,0.876149667767441,1.515775203704834,9.6588716506958,0.9815562799322733,1.8843278884887695,14.496699333190918
sp06,exhibition,15dB,15,0.9583789322949782,1.700531005859375,14.250746726989746,0.8763629096499955,1.7129545211791992,9.830885887145996,0.9616408454278719,1.6715292930603027,14.939920425415039
sp07,exhibition,15dB,15,0.969119068892052,1.7676805257797241,14.529695510864258,0.8476658532314649,1.384047508239746,7.829394340515137,0.9709631557051003,1.7249451875686646,14.998147964477539
sp08,exhibition,15dB,15,0.9650715435725714,1.9318138360977173,14.340895652770996,0.8550148108016986,1.4304161071777344,7.702884674072266,0.968446578451576,1.8609877824783325,15.008544921875
sp09,exhibition,15dB,15,0.9156810016387082,1.4766731262207031,14.635945320129395,0.8058415944725889,1.387113332748413,7.2655744552612305,0.9248062292474892,1.4847204685211182,15.335097312927246
sp10,exhibition,15dB,15,0.9619265646774905,1.678254246711731,14.329130172729492,0.8293722037338304,1.2807234525680542,7.186680793762207,0.9633822297424668,1.6679680347442627,14.810523986816406
sp11,exhibition,15dB,15,0.9492811877177989,1.833537220954895,14.392765998840332,0.7951804723921637,1.3821700811386108,8.42341423034668,0.9502983819385306,1.768718957901001,14.917804718017578
sp12,exhibition,15dB,15,0.9661957525705925,1.6254208087921143,14.712170600891113,0.8598638319235634,1.6530200242996216,8.341984748840332,0.972202707480769,1.603345274925232,15.387203216552734
sp13,exhibition,15dB,15,0.9585443232761006,1.9383982419967651,13.972614288330078,0.8369368395162192,1.3862996101379395,9.547687530517578,0.9650870769107338,1.8338608741760254,14.501726150512695
sp14,exhibition,15dB,15,0.9200620104086039,1.7098933458328247,14.633269309997559,0.7870316350161567,1.4834247827529907,10.75528621673584,0.9223251607264114,1.6747949123382568,15.186653137207031
sp15,exhibition,15dB,15,0.9606505114653655,1.6907827854156494,14.678988456726074,0.8212051337238248,1.4551169872283936,6.76923942565918,0.9623089150150484,1.6817858219146729,15.18593978881836
sp16,exhibition,15dB,15,0.9778936718812319,1.6876877546310425,13.881258010864258,0.9002036362546297,1.6951818466186523,13.23189926147461,0.9777255489287594,1.6488215923309326,14.276541709899902
sp17,exhibition,15dB,15,0.9601694649507811,1.5492889881134033,14.548554420471191,0.8342408508098503,1.611210584640503,9.787311553955078,0.9598358169089078,1.5289335250854492,14.953813552856445
sp18,exhibition,15dB,15,0.963608738746787,1.6452583074569702,14.617807388305664,0.8417465867217019,1.6779489517211914,11.630279541015625,0.9656338378623057,1.5873647928237915,14.98188591003418
sp19,exhibition,15dB,15,0.9324707293328692,1.476892352104187,14.207926750183105,0.8378719575955269,1.7484689950942993,13.028946876525879,0.9317373000787047,1.4669932126998901,14.842720031738281
sp20,exhibition,15dB,15,0.9765262388465243,1.8376178741455078,14.46904182434082,0.8753820373576098,1.6697944402694702,10.636128425598145,0.9753136762803889,1.7851972579956055,15.028640747070312
sp21,exhibition,15dB,15,0.9407289954920347,2.105273962020874,14.338818550109863,0.8039161931707502,1.3263812065124512,7.474145889282227,0.9442116594326228,2.0337953567504883,15.188794136047363
sp22,exhibition,15dB,15,0.9377160878325987,1.9085009098052979,14.475836753845215,0.8126060465471693,1.2471113204956055,4.982367515563965,0.939304948283596,1.8235981464385986,14.866081237792969
sp23,exhibition,15dB,15,0.9482248373189038,1.8832637071609497,14.291290283203125,0.823338120303055,1.3342429399490356,7.746882915496826,0.9509246616088308,1.8145687580108643,14.897503852844238
sp24,exhibition,15dB,15,0.8822835215871356,1.9790222644805908,14.591546058654785,0.7689800774759271,1.3673256635665894,6.038898944854736,0.8892410462107573,1.9153306484222412,15.29590129852295
sp25,exhibition,15dB,15,0.9230999240768359,1.9345598220825195,14.648285865783691,0.8001383370166466,1.236889123916626,7.800785064697266,0.9274261848455656,1.8635520935058594,15.129042625427246
sp26,exhibition,15dB,15,0.9808543594014408,1.8603341579437256,14.502249717712402,0.8694830586854261,1.4735679626464844,7.702001571655273,0.981528150828341,1.7736843824386597,15.03339958190918
sp27,exhibition,15dB,15,0.9432939871332576,1.9023089408874512,14.542669296264648,0.822762669120813,1.400509238243103,9.257028579711914,0.9447857875243568,1.818178415298462,14.977279663085938
sp28,exhibition,15dB,15,0.9897257313206307,1.8840060234069824,14.617082595825195,0.8589369482417322,1.6117990016937256,8.987327575683594,0.9900735135594542,1.8274049758911133,14.929439544677734
sp29,exhibition,15dB,15,0.9863974265122615,2.1259329319000244,14.478198051452637,0.8810484764599369,1.3952628374099731,9.121437072753906,0.9876888897782059,2.02583646774292,14.829845428466797
sp30,exhibition,15dB,15,0.9425276183904621,2.111715078353882,14.634546279907227,0.8515384090336098,1.587071180343628,8.050371170043945,0.9462227490074887,1.9801204204559326,15.186319351196289
sp01,exhibition,5dB,5,0.7710771161460452,1.221097469329834,4.313472747802734,0.6655402013040324,1.0879656076431274,2.7318527698516846,0.7762355330901942,1.2078896760940552,4.715475082397461
sp02,exhibition,5dB,5,0.8031937787327231,1.2574301958084106,4.253300666809082,0.6787249751318046,1.170851469039917,3.258185863494873,0.8086715321636772,1.236994981765747,4.735073566436768
sp03,exhibition,5dB,5,0.7666947721051219,1.1589232683181763,4.500038146972656,0.692466879412844,1.2603920698165894,6.639621734619141,0.770545746090086,1.1529649496078491,4.763949394226074
sp04,exhibition,5dB,5,0.8563987785716631,1.2889121770858765,4.540131092071533,0.7684318381825302,1.3078845739364624,4.786087989807129,0.8588292551294481,1.2701530456542969,4.651785850524902
sp05,exhibition,5dB,5,0.8665276474900068,1.3374814987182617,4.319784164428711,0.7624759575670246,1.202170729637146,3.228050470352173,0.871356910646492,1.3196078538894653,4.4443817138671875
sp06,exhibition,5dB,5,0.8531384800455135,1.2593414783477783,4.210357666015625,0.7919658267447344,1.3899180889129639,5.504613876342773,0.8583620494047065,1.251207947731018,4.726127624511719
sp07,exhibition,5dB,5,0.8254162256394426,1.1973894834518433,4.515041351318359,0.7275563768479227,1.1857082843780518,5.50726842880249,0.8267867683407584,1.179326057434082,5.013151168823242
sp08,exhibition,5dB,5,0.8430966252595206,1.245042085647583,4.3959550857543945,0.7714508860380779,1.2551023960113525,4.577017307281494,0.8527705329487894,1.230589509010315,5.032500267028809
sp09,exhibition,5dB,5,0.8259825034202611,1.1633129119873047,4.584716796875,0.7173410216984673,1.143983006477356,2.020793914794922,0.8347500410472886,1.159659504890442,5.0110697746276855
sp10,exhibition,5dB,5,0.8487886458828637,1.1878533363342285,4.310329437255859,0.7382679144147958,1.2300053834915161,3.5686447620391846,0.8491299377184753,1.1802204847335815,4.668978691101074
sp11,exhibition,5dB,5,0.8298560565692523,1.2223948240280151,4.398544788360596,0.7327123844215258,1.1607908010482788,3.282829761505127,0.8366424344428897,1.2163958549499512,4.815525531768799
sp12,exhibition,5dB,5,0.8741670580122636,1.1773481369018555,4.708743572235107,0.7764840892887148,1.3245774507522583,4.589482307434082,0.8807682974844633,1.170075535774231,5.137169361114502
sp13,exhibition,5dB,5,0.8277406173176332,1.3302147388458252,4.000598907470703,0.7231611541418878,1.2254257202148438,5.161998271942139,0.8380003506438864,1.3051657676696777,4.387627124786377
sp14,exhibition,5dB,5,0.726000274975797,1.1352699995040894,4.540462493896484,0.663242146773078,1.4025076627731323,7.351258277893066,0.736686156758608,1.1339609622955322,5.133459568023682
sp15,exhibition,5dB,5,0.7937205087888108,1.152669072151184,4.670656204223633,0.69689405314023,1.2533226013183594,4.630026817321777,0.7957547921934487,1.1425507068634033,5.335704803466797
sp16,exhibition,5dB,5,0.8815585355114105,1.234040379524231,3.891364336013794,0.8430074061658872,1.240180492401123,4.615513801574707,0.8843789420687983,1.2264560461044312,4.119539260864258
sp17,exhibition,5dB,5,0.7825362840904884,1.1084412336349487,4.5906476974487305,0.7335315673690518,1.2967820167541504,6.309154510498047,0.7855732720490255,1.105712652206421,4.838911533355713
sp18,exhibition,5dB,5,0.8219787500095153,1.1673582792282104,4.530384063720703,0.7292911801193356,1.3133949041366577,7.375138282775879,0.8260685610685744,1.1573632955551147,4.8005242347717285
sp19,exhibition,5dB,5,0.8039634353801198,1.1969897747039795,4.253130912780762,0.7400300364966773,1.2418718338012695,5.276045322418213,0.8057825534425788,1.1905579566955566,4.637752532958984
sp20,exhibition,5dB,5,0.8671235319665366,1.2439770698547363,4.550563335418701,0.7984685640604096,1.436238169670105,6.202373504638672,0.8677674780203627,1.2378519773483276,4.946422576904297
sp21,exhibition,5dB,5,0.7929641458533057,1.4736298322677612,4.337216854095459,0.6923028408158719,1.2440212965011597,5.238546848297119,0.8092904258075204,1.416192650794983,5.28604793548584
sp22,exhibition,5dB,5,0.7456120826138384,1.2071807384490967,4.48921537399292,0.6089693908587248,1.0858927965164185,0.43370485305786133,0.7492580906400375,1.1913154125213623,4.858777046203613
sp23,exhibition,5dB,5,0.8006214827270266,1.2932889461517334,4.266350746154785,0.6912887860631478,1.2320096492767334,4.718644142150879,0.802774322224768,1.2796581983566284,4.816159725189209
sp24,exhibition,5dB,5,0.7038384466030503,1.3043146133422852,4.534510135650635,0.5855869364729778,1.1828687191009521,3.7199435234069824,0.7135195069842344,1.267568588256836,5.47488260269165
sp25,exhibition,5dB,5,0.7633727066623517,1.3464487791061401,4.605441570281982,0.6889257580542267,1.199545979499817,4.45147705078125,0.7678692913408129,1.3127427101135254,5.163980007171631
sp26,exhibition,5dB,5,0.8611715993076134,1.20127534866333,4.502013206481934,0.7547774283019112,1.1805460453033447,4.724745750427246,0.8683281621373785,1.1877906322479248,4.864182949066162
sp27,exhibition,5dB,5,0.8798996364837478,1.4119856357574463,4.602853775024414,0.7593121692280734,1.1388486623764038,2.7073142528533936,0.88170172418974,1.3740190267562866,4.906665325164795
sp28,exhibition,5dB,5,0.8921981932605001,1.2308530807495117,4.5367960929870605,0.7769875015635893,1.333059549331665,5.428416728973389,0.8964303518247242,1.2204480171203613,4.822412490844727
sp29,exhibition,5dB,5,0.896742043999413,1.280046820640564,4.596996784210205,0.7958873861050662,1.2880901098251343,5.59441614151001,0.9007336676132288,1.2589476108551025,4.9243340492248535
sp30,exhibition,5dB,5,0.8129075408112068,1.3339544534683228,4.623017311096191,0.7256294964891624,1.3145153522491455,4.312164306640625,0.825025475379472,1.303658127784729,5.07072639465332
sp01,restaurant,0dB,0,0.6444913784662044,1.2704795598983765,-0.5260772109031677,0.5451112139279152,1.0755157470703125,-0.6279318332672119,0.6470691713710783,1.272107481956482,-0.4268697202205658
sp02,restaurant,0dB,0,0.684036263202133,1.2318238019943237,-0.6063599586486816,0.572493771664181,1.0908950567245483,0.23015889525413513,0.6883539494152189,1.219494104385376,-0.5233439803123474
sp03,restaurant,0dB,0,0.6767549796856702,1.1167875528335571,-0.7569249868392944,0.5893557549318174,1.0999821424484253,1.4425848722457886,0.6767506240691555,1.1142209768295288,-0.6995869278907776
sp04,restaurant,0dB,0,0.6936222175308456,1.2529834508895874,-0.5418184995651245,0.6070872538794126,1.193413257598877,0.31742680072784424,0.6954957150376139,1.2467093467712402,-0.5336560010910034
sp05,restaurant,0dB,0,0.756060619335038,1.2370294332504272,-0.6570349931716919,0.6698419704041871,1.247150182723999,2.8514602184295654,0.7596242486352388,1.2301512956619263,-0.6361006498336792
sp06,restaurant,0dB,0,0.7168801060892347,1.1761116981506348,-0.8319151401519775,0.657294045703838,1.2041829824447632,1.5073264837265015,0.7211193121577462,1.1725852489471436,-0.7162811756134033
sp07,restaurant,0dB,0,0.7540539405512444,1.1873228549957275,-0.6488493084907532,0.6686040451561014,1.1424838304519653,-0.20721858739852905,0.7562737575896875,1.1837944984436035,-0.5648660659790039
sp08,restaurant,0dB,0,0.700417116442967,1.2636511325836182,-0.4761071503162384,0.6210992488698652,1.2312898635864258,0.7556229829788208,0.7037806350360413,1.2630205154418945,-0.37571221590042114
sp09,restaurant,0dB,0,0.6355489601021179,1.155781865119934,-0.4105253517627716,0.5472402851697394,1.1214618682861328,1.687307357788086,0.6443666838070679,1.15684974193573,-0.3293473720550537
sp10,restaurant,0dB,0,0.6771868639177553,1.1352574825286865,-0.6624413728713989,0.6186181664714647,1.1788225173950195,0.09324822574853897,0.679455883551943,1.1305094957351685,-0.5777411460876465
sp11,restaurant,0dB,0,0.6008317793937549,1.1137704849243164,-0.7878153324127197,0.5644400623073053,1.1376919746398926,1.8325831890106201,0.6162822651681032,1.1125054359436035,-0.7021183967590332
sp12,restaurant,0dB,0,0.746449107231932,1.1061251163482666,-0.10104694962501526,0.6926666846834186,1.156161904335022,-0.616529643535614,0.759969414850994,1.1050161123275757,-0.05174190551042557
sp13,restaurant,0dB,0,0.6526751264266467,1.1447875499725342,-0.881243109703064,0.5969561810327352,1.1721230745315552,2.374025583267212,0.6659029231615664,1.1384977102279663,-0.816766619682312
sp14,restaurant,0dB,0,0.5553469529489117,1.0592715740203857,-0.37762966752052307,0.528841299623191,1.1722155809402466,3.2298920154571533,0.5630714734085599,1.0591553449630737,-0.21381749212741852
sp15,restaurant,0dB,0,0.5995563168841629,1.1201510429382324,-0.27325886487960815,0.5251172686908753,1.0902183055877686,0.844430685043335,0.6031751847112148,1.115856647491455,-0.18494191765785217
sp16,restaurant,0dB,0,0.7283987154820543,1.1379140615463257,-0.9879477024078369,0.6724538582982409,1.2746652364730835,0.17018041014671326,0.7304884696412139,1.1343823671340942,-0.9500877857208252
sp17,restaurant,0dB,0,0.6776372092300814,1.081491231918335,-0.18539008498191833,0.6198476077078071,1.1174479722976685,1.7991830110549927,0.6795670359030128,1.08052659034729,-0.13904376327991486
sp18,restaurant,0dB,0,0.6568821454617603,1.098968267440796,-0.43561089038848877,0.6141065103753317,1.191707730293274,2.4313912391662598,0.6603097483285708,1.096235990524292,-0.3808804750442505
sp19,restaurant,0dB,0,0.640170277163213,1.0748401880264282,-0.8097668886184692,0.5749787695475406,1.1255186796188354,3.5372984409332275,0.6406535713552678,1.073578119277954,-0.6692606806755066
sp20,restaurant,0dB,0,0.7046689185102208,1.122751235961914,-0.3469012379646301,0.6413654696001705,1.225818157196045,3.2103941440582275,0.7043166262213633,1.119186520576477,-0.28314295411109924
sp21,restaurant,0dB,0,0.7135736720516132,1.4618744850158691,-0.728737473487854,0.6238061461577267,1.2102943658828735,-1.8819072246551514,0.7208453309895627,1.4486535787582397,-0.6407639384269714
sp22,restaurant,0dB,0,0.6095565420956944,1.0782337188720703,-0.40361326932907104,0.5226305828952074,1.0471267700195312,0.7531886696815491,0.6135272330948028,1.0811225175857544,-0.33344539999961853
sp23,restaurant,0dB,0,0.6988663676152612,1.2966504096984863,-0.759952962398529,0.5990526858067589,1.1537305116653442,1.076341152191162,0.7017381444020171,1.2933595180511475,-0.6659054160118103
sp24,restaurant,0dB,0,0.6037521532806941,1.2085607051849365,-0.2650912404060364,0.537507478026399,1.1382184028625488,0.4477544128894806,0.6121993648759413,1.2006018161773682,-0.04891887307167053
sp25,restaurant,0dB,0,0.6919226358181731,1.4411048889160156,-0.2587382197380066,0.587653399586337,1.1118532419204712,0.6572227478027344,0.6980062473433791,1.4237229824066162,-0.16495579481124878
sp26,restaurant,0dB,0,0.7944398012517816,1.1814056634902954,-0.45382803678512573,0.697959233269742,1.189146876335144,-0.5744776725769043,0.7959745432462147,1.1766892671585083,-0.40714994072914124
sp27,restaurant,0dB,0,0.7913457394995143,1.184962272644043,-0.31741756200790405,0.7118685508961854,1.1323744058609009,0.5055067539215088,0.7957690327531486,1.1801966428756714,-0.27753329277038574
sp28,restaurant,0dB,0,0.8570242623964919,1.164965271949768,-0.6013380289077759,0.733832908122225,1.1277761459350586,-0.047308892011642456,0.8591126030237578,1.1612273454666138,-0.5761308073997498
sp29,restaurant,0dB,0,0.7726745740556016,1.1468782424926758,-0.4018847346305847,0.712613746462222,1.1725585460662842,1.6311702728271484,0.7810434746830226,1.1401792764663696,-0.35436081886291504
sp30,restaurant,0dB,0,0.6685663204097041,1.172136664390564,-0.40612858533859253,0.5751056853679943,1.0916965007781982,-1.425634503364563,0.6803347688762311,1.1664679050445557,-0.3475416898727417
sp01,restaurant,10dB,10,0.8698007894309956,1.656083583831787,9.305476188659668,0.7543838602415808,1.229652762413025,6.589297294616699,0.8722548030005274,1.6368873119354248,9.479866981506348
sp02,restaurant,10dB,10,0.9047974509554431,1.7213245630264282,9.263983726501465,0.7856049075220504,1.2016385793685913,5.027799606323242,0.90730001062058,1.6550761461257935,9.393754959106445
sp03,restaurant,10dB,10,0.9101894572114434,1.5289382934570312,9.458352088928223,0.822451499074691,1.340975046157837,8.251136779785156,0.9124307717341738,1.5047398805618286,9.553656578063965
sp04,restaurant,10dB,10,0.9391311997666085,1.8027317523956299,9.586309432983398,0.8372487059301745,1.2890764474868774,5.9146809577941895,0.9401332706941553,1.7756463289260864,9.617363929748535
sp05,restaurant,10dB,10,0.9155647157422798,1.5888197422027588,9.30959415435791,0.8053307866487726,1.4329867362976074,7.258312702178955,0.9165941751105764,1.5636786222457886,9.35291576385498
sp06,restaurant,10dB,10,0.8970785822578743,1.4574699401855469,9.224995613098145,0.8004553728722682,1.3683030605316162,7.923367023468018,0.9006862778883845,1.4263513088226318,9.633367538452148
sp07,restaurant,10dB,10,0.913785933073049,1.561197280883789,9.503098487854004,0.8143043272629289,1.6930770874023438,7.323396682739258,0.9152591907275143,1.5336296558380127,9.667290687561035
sp08,restaurant,10dB,10,0.8977267896646997,1.7427802085876465,9.36981201171875,0.7866603611222523,1.3039602041244507,5.917262077331543,0.8993363322524325,1.6935453414916992,9.611334800720215
sp09,restaurant,10dB,10,0.8597631727734025,1.550048828125,9.695267677307129,0.7424053733485342,1.3417160511016846,5.2534894943237305,0.8653752584980025,1.5306057929992676,9.85958194732666
sp10,restaurant,10dB,10,0.8858685273504517,1.5129189491271973,9.336648941040039,0.7704472701282591,1.2714518308639526,5.933992862701416,0.8862701794934605,1.4868453741073608,9.493812561035156
sp11,restaurant,10dB,10,0.8555939783988641,1.4441499710083008,9.503499984741211,0.769150250557599,1.4128906726837158,7.832087993621826,0.8569999159498343,1.4332940578460693,9.714765548706055
sp12,restaurant,10dB,10,0.9335860891273025,1.6132073402404785,9.642745971679688,0.826743555423895,1.3644492626190186,6.343780517578125,0.9356691473076999,1.5797533988952637,9.769523620605469
sp13,restaurant,10dB,10,0.9194421763814195,1.7186031341552734,8.957642555236816,0.8007597189450794,1.378538966178894,8.309818267822266,0.9239790030255105,1.666109561920166,9.073285102844238
sp14,restaurant,10dB,10,0.859522046277187,1.4698463678359985,9.592060089111328,0.7676531128947034,1.3603992462158203,8.28255558013916,0.8606386126780508,1.4585120677947998,9.761868476867676
sp15,restaurant,10dB,10,0.8950503727376148,1.4774037599563599,9.746658325195312,0.7756324087101492,1.2972419261932373,5.026633262634277,0.8983674888173557,1.4593265056610107,9.922653198242188
sp16,restaurant,10dB,10,0.8686726343201743,1.478290319442749,8.861412048339844,0.8652452324300117,1.478869915008545,10.849082946777344,0.870115966385362,1.4673172235488892,9.085333824157715
sp17,restaurant,10dB,10,0.8591728611524229,1.3827970027923584,9.440157890319824,0.8013381656849715,1.5141727924346924,8.227858543395996,0.8592328807425715,1.3700264692306519,9.546724319458008
sp18,restaurant,10dB,10,0.8801738674732312,1.4650294780731201,9.593317031860352,0.7970192814276426,1.3204014301300049,9.306852340698242,0.8810026881841736,1.429575800895691,9.684639930725098
sp19,restaurant,10dB,10,0.8640070751740169,1.507677674293518,9.192120552062988,0.8169760027898315,1.4980136156082153,10.606087684631348,0.8655090099700149,1.4604647159576416,9.335638046264648
sp20,restaurant,10dB,10,0.8673818994509905,1.4783127307891846,9.520800590515137,0.8180105325414659,1.449479341506958,8.305970191955566,0.8681551706995867,1.4516947269439697,9.710739135742188
sp21,restaurant,10dB,10,0.8765614796094096,1.88886296749115,9.304425239562988,0.7745643333634403,1.3236984014511108,6.189496994018555,0.8802154323384097,1.8143410682678223,9.623703956604004
sp22,restaurant,10dB,10,0.8864052605972231,1.4514402151107788,9.481261253356934,0.7693816952010603,1.1809340715408325,4.001749515533447,0.8900953467428291,1.4237151145935059,9.623346328735352
sp23,restaurant,10dB,10,0.941126523505747,1.8296440839767456,9.277889251708984,0.7954300531931497,1.1999953985214233,5.274490833282471,0.9418338552552252,1.7747235298156738,9.431015968322754
sp24,restaurant,10dB,10,0.8163245136733946,1.6365830898284912,9.56626033782959,0.7190555809166811,1.328644037246704,5.094000816345215,0.8297181072681826,1.6003109216690063,9.838483810424805
sp25,restaurant,10dB,10,0.8946013075246914,1.8058571815490723,9.625808715820312,0.8135296066176437,1.3460044860839844,6.382865905761719,0.8959752397859824,1.7884330749511719,9.788873672485352
sp26,restaurant,10dB,10,0.9327285472403339,1.5678939819335938,9.515789985656738,0.8311714024996643,1.3663063049316406,6.148598670959473,0.9337978671970533,1.5315122604370117,9.66801929473877
sp27,restaurant,10dB,10,0.9293299506009217,1.5965015888214111,9.555242538452148,0.8057779984061082,1.256133794784546,6.4024152755737305,0.9314842737809945,1.5573022365570068,9.717775344848633
sp28,restaurant,10dB,10,0.9237428622305021,1.5338698625564575,9.667604446411133,0.81682943662095,1.4773958921432495,7.479047775268555,0.924493054555558,1.5069297552108765,9.759512901306152
sp29,restaurant,10dB,10,0.9297189538896196,1.8428415060043335,9.470076560974121,0.8421142411519168,1.4032893180847168,7.942371368408203,0.933253948989634,1.7704017162322998,9.562480926513672
sp30,restaurant,10dB,10,0.9094226820243917,1.7951529026031494,9.629067420959473,0.8202435746330642,1.423691749572754,6.438994884490967,0.9132906751770691,1.722055196762085,9.773362159729004
sp01,restaurant,15dB,15,0.9569767125365727,2.012394428253174,14.353775024414062,0.8388027147064963,1.409083366394043,7.819024085998535,0.9564032266448976,1.9581003189086914,14.560068130493164
sp02,restaurant,15dB,15,0.9504706766064174,2.215968132019043,14.289392471313477,0.8379604849344788,1.2560192346572876,6.118378639221191,0.9517419714588694,2.057368516921997,14.4468355178833
sp03,restaurant,15dB,15,0.9479418127240449,1.8819966316223145,14.452449798583984,0.8554975192628089,1.447676420211792,9.426979064941406,0.9497609399221811,1.8045482635498047,14.601579666137695
sp04,restaurant,15dB,15,0.9576062861971233,2.0021448135375977,14.541110038757324,0.8458031606772298,1.3791043758392334,8.347874641418457,0.9580150019532019,1.9614825248718262,14.58743953704834
sp05,restaurant,15dB,15,0.9564577399947969,1.88783860206604,14.267667770385742,0.825519021798751,1.3684710264205933,8.984366416931152,0.9570191724362278,1.8376903533935547,14.346246719360352
sp06,restaurant,15dB,15,0.9550391194953955,1.8969495296478271,14.223577499389648,0.8516007630097787,1.5741407871246338,9.017096519470215,0.9557877718546367,1.8452270030975342,14.474824905395508
sp07,restaurant,15dB,15,0.9755956902875478,2.0704197883605957,14.564241409301758,0.8487564611789954,1.351020336151123,7.174661636352539,0.9764102572221183,1.9907896518707275,14.72675895690918
sp08,restaurant,15dB,15,0.9450822070260971,1.9835255146026611,14.354263305664062,0.844426749021506,1.441039800643921,8.058584213256836,0.9462349096026076,1.9105761051177979,14.617879867553711
sp09,restaurant,15dB,15,0.9286110418589311,1.9551441669464111,14.636150360107422,0.7931713957078168,1.4656540155410767,7.326120853424072,0.9320914481270932,1.9074020385742188,14.86711311340332
sp10,restaurant,15dB,15,0.9582772517707954,2.0416672229766846,14.328649520874023,0.8253658503721968,1.4073688983917236,6.522831439971924,0.9586758240597808,1.9842793941497803,14.49283504486084
sp11,restaurant,15dB,15,0.9321845084130053,1.7984259128570557,14.449653625488281,0.7970462272236988,1.538593053817749,8.170614242553711,0.9315959387888757,1.7584776878356934,14.667290687561035
sp12,restaurant,15dB,15,0.9685390606895669,1.840273380279541,14.708230972290039,0.851872849217829,1.4598901271820068,7.87659215927124,0.9689997576794036,1.7949665784835815,14.930644035339355
sp13,restaurant,15dB,15,0.9595375737336996,2.108271360397339,13.947856903076172,0.8437372967298277,1.3813509941101074,9.76662540435791,0.9601925223138525,2.0183231830596924,14.048622131347656
sp14,restaurant,15dB,15,0.9189627957347346,1.7412577867507935,14.590126037597656,0.8149523358857284,1.5109143257141113,10.743255615234375,0.9180279451063975,1.7040534019470215,14.786849975585938
sp15,restaurant,15dB,15,0.9422181985709419,1.7282702922821045,14.695830345153809,0.8140741534245015,1.427536964416504,6.863584995269775,0.9426527150546654,1.6877923011779785,15.007201194763184
sp16,restaurant,15dB,15,0.9309441983167405,1.8732457160949707,13.854333877563477,0.9095496233850843,1.7198278903961182,14.188423156738281,0.9308503906348442,1.82918119430542,13.94133186340332
sp17,restaurant,15dB,15,0.9216678942823594,1.7111141681671143,14.555971145629883,0.8314736871103598,1.6365926265716553,9.913721084594727,0.921441652507511,1.6733345985412598,14.711956024169922
sp18,restaurant,15dB,15,0.9312169720595633,1.916492223739624,14.557344436645508,0.8404483907971814,1.552419662475586,11.363898277282715,0.9313558448808732,1.8563520908355713,14.65793514251709
sp19,restaurant,15dB,15,0.9076207091033242,1.5755615234375,14.197615623474121,0.8378683423288317,1.5702391862869263,12.51443099975586,0.9071422124142148,1.5580075979232788,14.469121932983398
sp20,restaurant,15dB,15,0.9488969686122498,1.9733785390853882,14.505216598510742,0.8794176938745868,1.6480705738067627,10.878729820251465,0.948566309272509,1.8643872737884521,14.66164493560791
sp21,restaurant,15dB,15,0.971231316686781,2.3947935104370117,14.291934967041016,0.8488390942234737,1.4111075401306152,7.300042629241943,0.9681005476692273,2.2497920989990234,14.623310089111328
sp22,restaurant,15dB,15,0.9241866594111707,2.0392825603485107,14.478368759155273,0.8117114442597816,1.3055200576782227,4.795773506164551,0.9261658145833368,1.9297642707824707,14.651784896850586
sp23,restaurant,15dB,15,0.9412286515964947,1.866359829902649,14.324811935424805,0.8279256667171765,1.3357093334197998,7.364776134490967,0.9457275516380167,1.792177438735962,14.778059005737305
sp24,restaurant,15dB,15,0.9164768581091808,2.174791097640991,14.600051879882812,0.7993239926185575,1.435446858406067,5.760683536529541,0.9181904577126924,2.066809892654419,14.747116088867188
sp25,restaurant,15dB,15,0.9630295482496755,2.301051616668701,14.666556358337402,0.8405076586028877,1.3467142581939697,6.884703636169434,0.9636561896496053,2.210020065307617,14.860062599182129
sp26,restaurant,15dB,15,0.9822513753664235,2.329136371612549,14.530577659606934,0.8582063491765849,1.4000614881515503,7.388186931610107,0.9820020320535122,2.1700782775878906,14.642991065979004
sp27,restaurant,15dB,15,0.9681299626466564,2.0456342697143555,14.544526100158691,0.8592412197612729,1.4811251163482666,8.832353591918945,0.968107217515078,1.9732084274291992,14.733255386352539
sp28,restaurant,15dB,15,0.9824964693028483,1.9603917598724365,14.658918380737305,0.8656819085823332,1.6238163709640503,9.133223533630371,0.9828444813604442,1.8754189014434814,14.817342758178711
sp29,restaurant,15dB,15,0.9836224637102577,2.1197454929351807,14.469285011291504,0.8721458409906123,1.4050641059875488,8.73807144165039,0.9843865410076321,2.026137351989746,14.607268333435059
sp30,restaurant,15dB,15,0.9722145273252576,2.401050090789795,14.57868480682373,0.8629348781155838,1.5811595916748047,7.963013172149658,0.9738971641902602,2.2169487476348877,14.720670700073242
sp01,restaurant,5dB,5,0.7523749380767948,1.3130810260772705,4.390186309814453,0.6725386170489287,1.1792079210281372,5.218481063842773,0.751832273719467,1.303810715675354,4.58341646194458
sp02,restaurant,5dB,5,0.8298301174024678,1.420874834060669,4.306761741638184,0.7393511138957383,1.1824637651443481,3.8724303245544434,0.8348939321578951,1.3988152742385864,4.43502140045166
sp03,restaurant,5dB,5,0.8240755578111688,1.3402825593948364,4.342990875244141,0.7568159575748439,1.260805368423462,6.174546241760254,0.827923415307042,1.3368816375732422,4.413917064666748
sp04,restaurant,5dB,5,0.8205077277050502,1.4071674346923828,4.597061634063721,0.762326349629238,1.2102174758911133,4.18386173248291,0.8224421057494486,1.3933466672897339,4.629147529602051
sp05,restaurant,5dB,5,0.8272532080231165,1.2737455368041992,4.461050033569336,0.7106631908501014,1.2449629306793213,3.746691942214966,0.83080719916563,1.2621915340423584,4.51045560836792
sp06,restaurant,5dB,5,0.8332672026752193,1.2976036071777344,4.123602867126465,0.7801865365846433,1.3464953899383545,5.532149791717529,0.8368904535018407,1.2848875522613525,4.2999491691589355
sp07,restaurant,5dB,5,0.8478081202029296,1.3245769739151,4.521576881408691,0.7375367896322391,1.1777729988098145,3.8472647666931152,0.8502223445346362,1.310390830039978,4.62928581237793
sp08,restaurant,5dB,5,0.8067929063902611,1.451442837715149,4.294554710388184,0.6964352328883449,1.2387497425079346,4.502814292907715,0.8112077777601066,1.4398263692855835,4.449646949768066
sp09,restaurant,5dB,5,0.7860820888702861,1.215393304824829,4.5007805824279785,0.6595819180454621,1.0969370603561401,1.834423303604126,0.7943381202961094,1.2093641757965088,4.607563495635986
sp10,restaurant,5dB,5,0.8324492788178042,1.3476948738098145,4.348850250244141,0.7377643482057377,1.2335155010223389,4.010447978973389,0.835350066396858,1.3378996849060059,4.439515590667725
sp11,restaurant,5dB,5,0.7472788128452509,1.209999442100525,4.41343355178833,0.6832393864627021,1.2237399816513062,3.7963953018188477,0.7537967438833933,1.2085514068603516,4.559988498687744
sp12,restaurant,5dB,5,0.8324079722662101,1.26190185546875,4.632750988006592,0.7668687460544102,1.325015664100647,5.037015914916992,0.8428024527778529,1.2556664943695068,4.765593528747559
sp13,restaurant,5dB,5,0.7929115741604619,1.238824725151062,4.022875785827637,0.7573147461409361,1.2462105751037598,6.345096111297607,0.8028845105697614,1.2299426794052124,4.123580455780029
sp14,restaurant,5dB,5,0.7258865580868431,1.1722683906555176,4.577630043029785,0.6694935024234262,1.2858043909072876,5.757584095001221,0.7343795407066812,1.1736665964126587,4.7401628494262695
sp15,restaurant,5dB,5,0.8231987224244403,1.2722679376602173,4.746846675872803,0.727804191508805,1.2077089548110962,2.972593069076538,0.823274785399926,1.2626893520355225,4.823011875152588
sp16,restaurant,5dB,5,0.8191442512241994,1.279773235321045,3.8970983028411865,0.8015430504440454,1.403437614440918,8.358160018920898,0.8187596541914032,1.271843433380127,3.9663467407226562
sp17,restaurant,5dB,5,0.6956081684397306,1.1405624151229858,4.602341175079346,0.6381011473373359,1.167780876159668,6.158031463623047,0.6967127097895476,1.1359426975250244,4.698062896728516
sp18,restaurant,5dB,5,0.7825495335686715,1.2210530042648315,4.517642498016357,0.7108778899468542,1.2604091167449951,6.62358283996582,0.7853697754947705,1.212546706199646,4.626228332519531
sp19,restaurant,5dB,5,0.7533779713469021,1.1549382209777832,4.220091342926025,0.6974511516302955,1.3266934156417847,7.87031364440918,0.7537406226543689,1.1527069807052612,4.379354476928711
sp20,restaurant,5dB,5,0.8028554108574427,1.2503187656402588,4.547748565673828,0.7453979418146417,1.324625015258789,6.5379133224487305,0.8033726844222095,1.2382651567459106,4.654620170593262
sp21,restaurant,5dB,5,0.8185312871659228,1.5867178440093994,4.2527241706848145,0.7123910629313966,1.2125401496887207,2.884887456893921,0.8315124599446352,1.5639736652374268,4.480233669281006
sp22,restaurant,5dB,5,0.7082930931524701,1.1847583055496216,4.439039707183838,0.5984807942494296,1.1189494132995605,2.2067625522613525,0.7102667804193249,1.1822737455368042,4.56965970993042
sp23,restaurant,5dB,5,0.8528691292920261,1.4208413362503052,4.131892204284668,0.7590598214605598,1.2668681144714355,4.596797466278076,0.8546560264471694,1.402880072593689,4.2627105712890625
sp24,restaurant,5dB,5,0.7369311998320749,1.4124701023101807,4.566319465637207,0.6386095410470433,1.1935796737670898,3.080852508544922,0.7502978012250228,1.3989059925079346,4.747498989105225
sp25,restaurant,5dB,5,0.7497731352099246,1.4214376211166382,4.462141036987305,0.6717230439766484,1.1833341121673584,3.5289225578308105,0.753283272415046,1.3949614763259888,4.647049427032471
sp26,restaurant,5dB,5,0.851816458177477,1.419761300086975,4.516857147216797,0.6859249295277711,1.2922650575637817,2.9187142848968506,0.8525711978091816,1.395237684249878,4.543980598449707
sp27,restaurant,5dB,5,0.8598487578696185,1.3965065479278564,4.651076793670654,0.7475375957026176,1.2440223693847656,5.052767753601074,0.8625431231893619,1.3798120021820068,4.76222038269043
sp28,restaurant,5dB,5,0.8743106782416136,1.2402275800704956,4.688058853149414,0.7649648780797447,1.2225608825683594,4.895224094390869,0.8767911737997299,1.2328180074691772,4.820933818817139
sp29,restaurant,5dB,5,0.8429765019243255,1.2600905895233154,4.412275314331055,0.772308527180082,1.276483416557312,4.758368968963623,0.8510912015995808,1.2534124851226807,4.5607781410217285
sp30,restaurant,5dB,5,0.786933431991315,1.3508415222167969,4.760922908782959,0.7178576749213602,1.3423614501953125,4.936182975769043,0.7985864968912927,1.3350043296813965,4.890005588531494
sp01,station,0dB,0,0.6631375623100433,1.1740031242370605,-0.7026107311248779,0.5842044402802995,1.0687307119369507,-0.15228715538978577,0.6546796422508272,1.1629478931427002,-0.5841206312179565
sp02,station,0dB,0,0.6809363305471107,1.1997120380401611,-0.46053823828697205,0.6376303474300057,1.1785976886749268,1.45035719871521,0.6832680993207135,1.1938996315002441,-0.3900771141052246
sp03,station,0dB,0,0.6640300637210954,1.1385722160339355,-0.4299226701259613,0.6252957548806565,1.1892058849334717,2.692091464996338,0.6684962378480662,1.1379059553146362,-0.36724165081977844
sp04,station,0dB,0,0.7135353489800739,1.143677830696106,-0.5530429482460022,0.6872671285526988,1.3161225318908691,2.719515800476074,0.7159763765311535,1.1403911113739014,-0.5364549160003662
sp05,station,0dB,0,0.6954630917415435,1.102752447128296,-0.6299037933349609,0.6665738436310349,1.360702633857727,3.1860768795013428,0.6997309814326966,1.1005444526672363,-0.5989177823066711
sp06,station,0dB,0,0.6267023486470024,1.121376395225525,-0.6264888048171997,0.5971728036931833,1.1071573495864868,1.817025899887085,0.6287883281389749,1.112294316291809,-0.30985015630722046
sp07,station,0dB,0,0.6362810368337712,1.1455738544464111,-0.37129494547843933,0.5853993205333752,1.1084420680999756,2.327636241912842,0.6395180779874485,1.1343598365783691,-0.09970623254776001
sp08,station,0dB,0,0.6248752015609936,1.1446280479431152,-0.6993862390518188,0.5974886875048145,1.2473787069320679,1.8474721908569336,0.6283366242304571,1.1417796611785889,-0.4998810589313507
sp09,station,0dB,0,0.6791345485440483,1.1470446586608887,-0.27067410945892334,0.6004306885805787,1.073282241821289,-2.5903520584106445,0.6842222328611705,1.1454321146011353,-0.1857912689447403
sp10,station,0dB,0,0.6591512563396584,1.1166512966156006,-0.7004473209381104,0.6312654861602522,1.1891640424728394,2.017927408218384,0.6620823209382662,1.114950180053711,-0.6276634931564331
sp11,station,0dB,0,0.5530869834931702,1.0625734329223633,-0.6487774848937988,0.5800913009220693,1.174643635749817,3.376400947570801,0.5582343846231133,1.0603721141815186,-0.45038267970085144
sp12,station,0dB,0,0.6782130644714908,1.0803512334823608,-0.3134726285934448,0.683106886507251,1.212424397468567,2.6784281730651855,0.6933541159089666,1.0757406949996948,-0.030677873641252518
sp13,station,0dB,0,0.6620756180397978,1.2188246250152588,-0.9831637144088745,0.6081619855323764,1.1475266218185425,-0.27120447158813477,0.6649631823694768,1.2088525295257568,-0.9379691481590271
sp14,station,0dB,0,0.5459383022368858,1.0507428646087646,-0.274276465177536,0.5553983718555595,1.3502271175384521,4.949716567993164,0.5527927831248064,1.0502012968063354,-0.10515116155147552
sp15,station,0dB,0,0.597614507332254,1.0695433616638184,-0.48186981678009033,0.5918380315254647,1.209729790687561,1.822941780090332,0.6022022158549535,1.0677276849746704,-0.34966838359832764
sp16,station,0dB,0,0.7400904918497285,1.0742508172988892,-1.3338531255722046,0.7319796465397719,1.3353897333145142,5.033535957336426,0.7436854226354875,1.073079228401184,-1.2631969451904297
sp17,station,0dB,0,0.5742446882390122,1.0498652458190918,-0.7766526341438293,0.5553117028785468,1.1962027549743652,3.230250358581543,0.5772401382082779,1.0486572980880737,-0.6811463236808777
sp18,station,0dB,0,0.6263228934270829,1.0644804239273071,-0.355976402759552,0.6343467899725787,1.209252953529358,4.409781455993652,0.633170706460496,1.0625969171524048,-0.266716867685318
sp19,station,0dB,0,0.7082652450002608,1.1300666332244873,-0.7477264404296875,0.6500677911931131,1.2450611591339111,0.5170803666114807,0.7057021562369973,1.1325092315673828,-0.7026387453079224
sp20,station,0dB,0,0.7041441775160203,1.0932153463363647,-0.5007239580154419,0.6730417575617876,1.319014549255371,3.2886717319488525,0.7035889026949924,1.0896035432815552,-0.39782944321632385
sp21,station,0dB,0,0.5954642259775731,1.5334432125091553,-0.6813133955001831,0.5397664693175308,1.1866531372070312,1.4031420946121216,0.6086487802259832,1.4637119770050049,-0.21253666281700134
sp22,station,0dB,0,0.603330399482406,1.1159518957138062,-0.5579789876937866,0.5912797512061528,1.1796578168869019,1.702839732170105,0.6054855789746726,1.1140704154968262,-0.4237498641014099
sp23,station,0dB,0,0.6345899233374793,1.14869225025177,-0.6811559796333313,0.641822216927589,1.1455609798431396,2.1858644485473633,0.6414379757555756,1.142982840538025,-0.40085041522979736
sp24,station,0dB,0,0.5480864660932915,1.1620999574661255,-0.27587080001831055,0.5471462903888491,1.1583435535430908,1.7235653400421143,0.5624451209712783,1.1458489894866943,0.19012568891048431
sp25,station,0dB,0,0.5831823601757878,1.2123361825942993,-0.37270471453666687,0.5810260273693301,1.1225957870483398,1.7670953273773193,0.5842875435878522,1.1994037628173828,-0.17083671689033508
sp26,station,0dB,0,0.7528277040125069,1.1512407064437866,-0.6461182236671448,0.6597006238065516,1.081848382949829,-0.6294519305229187,0.7545785594925631,1.1465089321136475,-0.5978912711143494
sp27,station,0dB,0,0.7138804422042637,1.1251171827316284,-0.37047848105430603,0.7080016914274186,1.263672113418579,2.9895637035369873,0.7153759771997873,1.1196016073226929,-0.22349922358989716
sp28,station,0dB,0,0.701469748701364,1.078148365020752,-0.45818424224853516,0.6848232789341678,1.3043088912963867,3.248322010040283,0.7046909568744529,1.0762827396392822,-0.3696051836013794
sp29,station,0dB,0,0.7267090581668622,1.1717581748962402,-0.5780031681060791,0.646325537835356,1.120120644569397,0.5376262068748474,0.7362258422539217,1.1665785312652588,-0.5003835558891296
sp30,station,0dB,0,0.6058670017170948,1.1363376379013062,-0.34217652678489685,0.6169298550958672,1.2628345489501953,2.236607789993286,0.6186443191918493,1.1308733224868774,-0.16387370228767395
sp01,station,10dB,10,0.8404486371621661,1.4313806295394897,9.373268127441406,0.7737782225108628,1.3314645290374756,6.7135114669799805,0.8464619173068778,1.4282045364379883,9.75401496887207
sp02,station,10dB,10,0.8737766850050362,1.4843765497207642,9.32873249053955,0.7652077985399531,1.2221611738204956,4.89116907119751,0.8794576385932382,1.4425983428955078,9.718929290771484
sp03,station,10dB,10,0.9104990190452705,1.4450404644012451,9.428064346313477,0.8397008371207954,1.3776633739471436,7.849121570587158,0.9113945916845696,1.4268014430999756,9.513687133789062
sp04,station,10dB,10,0.8975849219070535,1.6477638483047485,9.552053451538086,0.850448332491657,1.3693804740905762,6.695857524871826,0.898269958768237,1.6252686977386475,9.585592269897461
sp05,station,10dB,10,0.8916564425452012,1.4008636474609375,9.377737998962402,0.8033685801809913,1.3721874952316284,7.736954212188721,0.8930976374524335,1.3837796449661255,9.456273078918457
sp06,station,10dB,10,0.8727040555006365,1.457281470298767,9.213918685913086,0.8179536553328809,1.6190518140792847,8.000871658325195,0.875087626184935,1.449620246887207,9.455219268798828
sp07,station,10dB,10,0.8824581610482602,1.4032394886016846,9.54249382019043,0.7853569136383511,1.288086175918579,6.486542224884033,0.8854808777785623,1.3878306150436401,9.92177677154541
sp08,station,10dB,10,0.8720939471133617,1.5873615741729736,9.341344833374023,0.8036027339741302,1.3287570476531982,6.187455654144287,0.8750234745272875,1.5674407482147217,9.559672355651855
sp09,station,10dB,10,0.8111152228789983,1.3536336421966553,9.603704452514648,0.7330272847818102,1.3643425703048706,5.592984199523926,0.8211056923402549,1.3609001636505127,9.894618034362793
sp10,station,10dB,10,0.8489249181596379,1.3440074920654297,9.370184898376465,0.7739758030400099,1.3031377792358398,5.935098648071289,0.8509804445805799,1.3364536762237549,9.659161567687988
sp11,station,10dB,10,0.8610121170189425,1.4146232604980469,9.412370681762695,0.7480266444755035,1.3292537927627563,6.77931547164917,0.8655011366851625,1.404712200164795,9.574902534484863
sp12,station,10dB,10,0.8869538338807215,1.3369446992874146,9.722338676452637,0.8107736447204504,1.5043561458587646,6.975975513458252,0.8894953115541752,1.329054355621338,9.997786521911621
sp13,station,10dB,10,0.9030144984071177,1.70761239528656,8.93842601776123,0.7788794519432607,1.2905540466308594,7.811418533325195,0.9064710762239933,1.6555280685424805,9.072151184082031
sp14,station,10dB,10,0.831609494239863,1.3520941734313965,9.637762069702148,0.7715608771473303,1.554720163345337,9.22905158996582,0.8290176257720547,1.3483195304870605,9.857762336730957
sp15,station,10dB,10,0.8822558151061062,1.3960434198379517,9.656974792480469,0.7892398747801982,1.3881497383117676,5.801511287689209,0.8820531050526045,1.394966721534729,9.841667175292969
sp16,station,10dB,10,0.8462709819008378,1.3470346927642822,8.890544891357422,0.8399959215788808,1.6391239166259766,10.789384841918945,0.8461360945797942,1.3377622365951538,9.025524139404297
sp17,station,10dB,10,0.81474646525094,1.2509331703186035,9.597620010375977,0.7725702159883111,1.4359712600708008,8.157499313354492,0.8159549702030431,1.2470182180404663,9.819146156311035
sp18,station,10dB,10,0.8407731085976777,1.3671895265579224,9.62481689453125,0.7751642646955319,1.4285082817077637,9.743366241455078,0.8418768355416096,1.3485184907913208,9.764808654785156
sp19,station,10dB,10,0.8007011238535957,1.2567899227142334,9.27094554901123,0.7746214714042944,1.5571389198303223,10.729104042053223,0.8015446746370214,1.255900263786316,9.559051513671875
sp20,station,10dB,10,0.8822286087711582,1.4448639154434204,9.49461841583252,0.8329348782003557,1.4637749195098877,8.499734878540039,0.8820754460788902,1.4236979484558105,9.705341339111328
sp21,station,10dB,10,0.9061802252996917,1.8552725315093994,9.259247779846191,0.7766602121598187,1.2753806114196777,6.664707660675049,0.9037606033955221,1.7669954299926758,9.51208782196045
sp22,station,10dB,10,0.8522041854004502,1.628273606300354,9.503968238830566,0.7269749017916274,1.1512770652770996,3.878291606903076,0.849729693234157,1.5867846012115479,9.67847728729248
sp23,station,10dB,10,0.9358585004907916,1.668931007385254,9.279370307922363,0.7912038759344074,1.2532519102096558,5.922757148742676,0.9351196776583497,1.624459981918335,9.416851043701172
sp24,station,10dB,10,0.8197119235057337,1.6380292177200317,9.508587837219238,0.7633455413786123,1.404083251953125,4.8162102699279785,0.8253882196165876,1.616981863975525,9.740565299987793
sp25,station,10dB,10,0.8400100057630742,1.589644432067871,9.627970695495605,0.797895848300288,1.3846166133880615,6.454803466796875,0.8531679895205917,1.570732593536377,9.918807983398438
sp26,station,10dB,10,0.9404206100757849,1.6188783645629883,9.51011848449707,0.8220993472317187,1.3108776807785034,6.339690208435059,0.9409959500926691,1.5631213188171387,9.63232135772705
sp27,station,10dB,10,0.8976202735274498,1.4655205011367798,9.528434753417969,0.8060732741653792,1.2282265424728394,7.182283401489258,0.896264707792744,1.446368932723999,9.732843399047852
sp28,station,10dB,10,0.9131347952666303,1.5278465747833252,9.600666046142578,0.8124772519480365,1.513763666152954,7.00397253036499,0.9134047715138246,1.5122766494750977,9.723604202270508
sp29,station,10dB,10,0.9197576678400213,1.548645257949829,9.517349243164062,0.8408499272982627,1.431610345840454,7.563793182373047,0.9250848170073677,1.5298278331756592,9.72774600982666
sp30,station,10dB,10,0.8769173941304265,1.6288578510284424,9.603948593139648,0.8051061465654089,1.444596529006958,6.238942623138428,0.8785036502425893,1.5937395095825195,9.789632797241211
sp01,station,15dB,15,0.9420361161700449,1.785915493965149,14.319134712219238,0.8177881632847558,1.3191273212432861,7.878332614898682,0.9414429786314853,1.7530198097229004,14.517206192016602
sp02,station,15dB,15,0.9493970183116093,1.964357852935791,14.327164649963379,0.8076823724765431,1.2166979312896729,5.937081336975098,0.9497415513200239,1.8720180988311768,14.455466270446777
sp03,station,15dB,15,0.9631269499715699,1.7696588039398193,14.461549758911133,0.8676764193999189,1.4415353536605835,9.145243644714355,0.9642176894096318,1.7205479145050049,14.569421768188477
sp04,station,15dB,15,0.9794959602593438,2.0577235221862793,14.615846633911133,0.8755354119611668,1.3894089460372925,8.752540588378906,0.9796449726292019,2.010359525680542,14.650594711303711
sp05,station,15dB,15,0.924266925602088,1.7956390380859375,14.291726112365723,0.8243119463798917,1.3865880966186523,8.882680892944336,0.9247898057066137,1.7659080028533936,14.367384910583496
sp06,station,15dB,15,0.918415055350133,1.7647755146026611,14.215044021606445,0.8514704436346089,1.7109968662261963,9.552756309509277,0.9207973246504876,1.7204911708831787,14.66937255859375
sp07,station,15dB,15,0.9488367576899747,1.8130772113800049,14.574974060058594,0.8568740141315736,1.4062587022781372,7.690668106079102,0.9496230375626703,1.7808315753936768,14.762539863586426
sp08,station,15dB,15,0.9449331183664007,1.9554511308670044,14.386839866638184,0.8530182368822168,1.3881760835647583,7.259349822998047,0.9466829741010722,1.904686450958252,14.674758911132812
sp09,station,15dB,15,0.875949963145939,1.7243754863739014,14.617774963378906,0.8005753798100734,1.453773856163025,7.042818069458008,0.8816847316289019,1.6872435808181763,14.871235847473145
sp10,station,15dB,15,0.9655120668371008,1.9025163650512695,14.347070693969727,0.8245641489487786,1.305420160293579,7.568338394165039,0.96626210459172,1.833633542060852,14.48183536529541
sp11,station,15dB,15,0.911461425990725,1.6996219158172607,14.390082359313965,0.8175957009281796,1.6016931533813477,8.529335021972656,0.9110339875181909,1.6825449466705322,14.615001678466797
sp12,station,15dB,15,0.9640623885982631,1.9305408000946045,14.693485260009766,0.848006769934825,1.4273782968521118,8.402298927307129,0.9640397299051335,1.8654332160949707,14.868721008300781
sp13,station,15dB,15,0.9214220393539116,1.9354921579360962,13.95886516571045,0.8278862918467239,1.4062515497207642,9.619930267333984,0.921889208334269,1.8791210651397705,14.130615234375
sp14,station,15dB,15,0.886140228767113,1.6563013792037964,14.592045783996582,0.8121265738364335,1.549975037574768,10.63804817199707,0.8855622862528774,1.6400465965270996,14.877623558044434
sp15,station,15dB,15,0.9350663267839606,1.7962768077850342,14.679082870483398,0.8212700925067212,1.4205348491668701,6.480422496795654,0.9342613332017403,1.765000820159912,14.882165908813477
sp16,station,15dB,15,0.9397160784954689,1.8455073833465576,13.877949714660645,0.9059458150262899,1.655195951461792,13.991914749145508,0.9397692793449677,1.799511432647705,14.006752967834473
sp17,station,15dB,15,0.8977356683465082,1.6473021507263184,14.56904411315918,0.8077907480167794,1.6139326095581055,9.379776000976562,0.8975895319762656,1.6178311109542847,14.7587251663208
sp18,station,15dB,15,0.8901893998075515,1.666895866394043,14.59443473815918,0.8178989978242518,1.5618757009506226,11.655655860900879,0.8907521240205275,1.6230592727661133,14.832372665405273
sp19,station,15dB,15,0.886899989026937,1.537636637687683,14.20789623260498,0.8272818207275321,1.846808910369873,13.30242919921875,0.8870490708820887,1.5380011796951294,14.723576545715332
sp20,station,15dB,15,0.9122012347716701,1.7686468362808228,14.49355697631836,0.8569477894621815,1.5903444290161133,10.075043678283691,0.9108163846978251,1.7109315395355225,14.80887222290039
sp21,station,15dB,15,0.9585846974326221,2.514031171798706,14.390840530395508,0.8266528577041571,1.3635990619659424,7.198935508728027,0.9553855862554044,2.350778579711914,14.69771957397461
sp22,station,15dB,15,0.9327319216724423,1.820272445678711,14.54503059387207,0.8245117843537529,1.2683753967285156,4.437676429748535,0.9341403991370658,1.772397518157959,14.754735946655273
sp23,station,15dB,15,0.9643506486114508,2.067275285720825,14.285833358764648,0.854837160758766,1.3737059831619263,7.51049280166626,0.9644607575786388,1.9969313144683838,14.5200777053833
sp24,station,15dB,15,0.8736326052757026,1.9781935214996338,14.56645393371582,0.793759294016375,1.3775007724761963,5.433605194091797,0.8741040034166361,1.9096314907073975,15.048813819885254
sp25,station,15dB,15,0.9388366316459672,2.096637725830078,14.705114364624023,0.8531839904006576,1.428516149520874,7.337919235229492,0.9390267991013831,2.047170877456665,14.917638778686523
sp26,station,15dB,15,0.9694459156104358,2.0057241916656494,14.501214981079102,0.8511391758097353,1.4155259132385254,7.151443958282471,0.9696833264441382,1.8998231887817383,14.708155632019043
sp27,station,15dB,15,0.9513720230932211,1.8433679342269897,14.54803466796875,0.8430660898595175,1.406355857849121,8.934673309326172,0.9492660881467007,1.796971321105957,14.93216609954834
sp28,station,15dB,15,0.9748549748650392,1.8308300971984863,14.634527206420898,0.8457770230214173,1.5681674480438232,8.367094039916992,0.9749702283394522,1.7794314622879028,14.801207542419434
sp29,station,15dB,15,0.9483066093454102,1.9271717071533203,14.494354248046875,0.854129713501235,1.4501771926879883,8.838157653808594,0.9481402678788591,1.8672250509262085,14.678808212280273
sp30,station,15dB,15,0.9465615159086943,2.1754095554351807,14.634753227233887,0.8538821056195929,1.5170211791992188,7.633080959320068,0.9466682402404846,2.077195882797241,14.841832160949707
sp01,station,5dB,5,0.7334974089995431,1.2282527685165405,4.360834121704102,0.7040934932506306,1.2615904808044434,5.330689430236816,0.7436923815277268,1.2216947078704834,4.8549981117248535
sp02,station,5dB,5,0.7558937317243913,1.2986323833465576,4.439378261566162,0.7226494160984501,1.2453142404556274,4.083043098449707,0.7654917487875603,1.2943757772445679,4.694031715393066
sp03,station,5dB,5,0.7888051030286123,1.2339054346084595,4.554819107055664,0.7502818544497254,1.336838722229004,6.154548645019531,0.7924524098371974,1.2329657077789307,4.658159255981445
sp04,station,5dB,5,0.8646444392476634,1.4049291610717773,4.530716419219971,0.787108547795193,1.211633563041687,2.8294339179992676,0.8649262997955189,1.3933005332946777,4.548624038696289
sp05,station,5dB,5,0.8696010383003244,1.4321237802505493,4.288853168487549,0.7627477346562046,1.2237468957901,5.170456886291504,0.8711550799793586,1.413139820098877,4.323519706726074
sp06,station,5dB,5,0.7589853327602527,1.2270745038986206,4.196892738342285,0.7427918282027922,1.5403797626495361,5.37214469909668,0.7635356387670604,1.228177547454834,4.459904193878174
sp07,station,5dB,5,0.7813670535933496,1.203003168106079,4.5635528564453125,0.734357832566541,1.2619373798370361,5.289731979370117,0.785721964241824,1.194422960281372,4.894837379455566
sp08,station,5dB,5,0.743063835109693,1.2433717250823975,4.47885799407959,0.7318769053192568,1.2888633012771606,4.744970321655273,0.7509473008910518,1.2407166957855225,4.855721473693848
sp09,station,5dB,5,0.6870134315024,1.16302490234375,4.652835845947266,0.6641159742619822,1.2824028730392456,3.9784109592437744,0.7035459623996236,1.168586254119873,4.996730327606201
sp10,station,5dB,5,0.7684274655046495,1.19687819480896,4.302793025970459,0.716339030497596,1.3169834613800049,4.253235816955566,0.7685328375281946,1.1945863962173462,4.438845634460449
sp11,station,5dB,5,0.6890940952883481,1.1339998245239258,4.398045063018799,0.6630949291506325,1.386358618736267,5.702660083770752,0.6980641389702615,1.1291733980178833,4.618824005126953
sp12,station,5dB,5,0.8667569158732291,1.3513624668121338,4.637729167938232,0.7765933877801958,1.2215440273284912,4.666157245635986,0.8682596008218257,1.32880699634552,4.728469371795654
sp13,station,5dB,5,0.7368564830771185,1.25468909740448,4.0830512046813965,0.7276048607842868,1.3352705240249634,6.2729620933532715,0.7501686660799236,1.241368055343628,4.341230869293213
sp14,station,5dB,5,0.6815260294696172,1.1332530975341797,4.568838119506836,0.6923684242629419,1.4814695119857788,7.204026699066162,0.6852826343854705,1.1341373920440674,4.786291122436523
sp15,station,5dB,5,0.7948703472526608,1.231540560722351,4.580002784729004,0.7135167112037729,1.2194098234176636,3.5735902786254883,0.7918894657138883,1.2259609699249268,4.701613426208496
sp16,station,5dB,5,0.8155567708821757,1.168288230895996,3.8934741020202637,0.7696834210386034,1.3845494985580444,7.105783462524414,0.8186088876338105,1.162691593170166,4.139743328094482
sp17,station,5dB,5,0.7805485580491633,1.222151517868042,4.513155937194824,0.7093390487348682,1.2121715545654297,4.808489799499512,0.78059340728863,1.2158260345458984,4.57478141784668
sp18,station,5dB,5,0.7102170934374746,1.1651428937911987,4.694936752319336,0.6880423743077417,1.2449790239334106,6.969888210296631,0.7128907591948258,1.1590644121170044,4.813376426696777
sp19,station,5dB,5,0.7134408584456216,1.1090039014816284,4.207915782928467,0.6814789817093336,1.4223277568817139,8.402100563049316,0.7135057632385962,1.107492446899414,4.444893836975098
sp20,station,5dB,5,0.8148086690697385,1.2089658975601196,4.493317127227783,0.7682348402928307,1.3777490854263306,6.069055080413818,0.8159256417485532,1.202099323272705,4.653563976287842
sp21,station,5dB,5,0.8243515708032446,1.6224678754806519,4.3249287605285645,0.6963257465089665,1.2513422966003418,3.8068690299987793,0.8213753184404806,1.5608514547348022,4.457091331481934
sp22,station,5dB,5,0.7496515869570469,1.1823365688323975,4.397519588470459,0.6876485344203234,1.1724048852920532,3.1011745929718018,0.7532954910959865,1.180397868156433,4.5394744873046875
sp23,station,5dB,5,0.8026358949024089,1.3790638446807861,4.3151445388793945,0.7606278518416341,1.3953016996383667,4.449222564697266,0.8056273487886317,1.3720322847366333,4.452830791473389
sp24,station,5dB,5,0.6854825029084675,1.2966668605804443,4.633894443511963,0.665331268387531,1.315523386001587,3.127066135406494,0.6939343873573737,1.2886509895324707,4.855916976928711
sp25,station,5dB,5,0.7045867995027094,1.3528592586517334,4.631423473358154,0.6915833644780627,1.3424029350280762,4.899700164794922,0.7087794877550238,1.3421939611434937,4.834970951080322
sp26,station,5dB,5,0.8053294728407745,1.2153761386871338,4.62469482421875,0.7834081324027443,1.4267584085464478,4.71681022644043,0.8143550254368673,1.2115886211395264,4.830968856811523
sp27,station,5dB,5,0.8493670802125073,1.2552982568740845,4.487146854400635,0.7842822766849602,1.2712336778640747,5.261157989501953,0.8537388285814711,1.2473660707473755,4.616756916046143
sp28,station,5dB,5,0.8590740372731873,1.3023450374603271,4.588037967681885,0.7542532272912629,1.2070399522781372,4.267942428588867,0.8596017178208519,1.2925771474838257,4.670085430145264
sp29,station,5dB,5,0.8069791495610505,1.2431830167770386,4.443652153015137,0.7833733474289751,1.3950169086456299,5.75728702545166,0.813243177140683,1.2383668422698975,4.585467338562012
sp30,station,5dB,5,0.7506232109240357,1.324655294418335,4.596628189086914,0.7162702957703807,1.4419589042663574,4.735818386077881,0.75849082084107,1.3138762712478638,4.789655685424805
sp01,street,0dB,0,0.5898433533682832,1.124977946281433,-0.7890075445175171,0.5516289479098473,1.1195086240768433,2.5205931663513184,0.5990619244699568,1.1086632013320923,-0.2415875941514969
sp02,street,0dB,0,0.7343279281156294,1.2277252674102783,-0.7888774871826172,0.6500014497662645,1.1147732734680176,1.4066534042358398,0.7379713001075964,1.2161531448364258,-0.6133642196655273
sp03,street,0dB,0,0.6681454167794866,1.10040283203125,-0.46117666363716125,0.6012790291356559,1.1312923431396484,1.9125831127166748,0.6691275211685993,1.0975788831710815,-0.3343139588832855
sp04,street,0dB,0,0.6526884836570755,1.1353580951690674,-0.4934830963611603,0.6251865363844165,1.1429405212402344,1.9395270347595215,0.6548505575833296,1.1258231401443481,-0.3793632686138153
sp05,street,0dB,0,0.6744831932872982,1.1052063703536987,-0.8255552053451538,0.6351791357696137,1.2867612838745117,1.8504751920700073,0.6810866492921962,1.103047251701355,-0.7844741344451904
sp06,street,0dB,0,0.7338757344347151,1.153052806854248,-0.8955714702606201,0.6981843636797038,1.2664765119552612,2.423215866088867,0.7376860951311125,1.1532231569290161,-0.8438023328781128
sp07,street,0dB,0,0.6721342009781595,1.1252816915512085,-0.3834700286388397,0.6296403957261909,1.0904674530029297,-0.45905107259750366,0.6735991223147246,1.1202120780944824,-0.18998557329177856
sp08,street,0dB,0,0.6392588546131354,1.1590873003005981,-0.5962215065956116,0.5966981270585285,1.2380014657974243,1.4542217254638672,0.6389748668193316,1.1355689764022827,-0.23991581797599792
sp09,street,0dB,0,0.6045814218185084,1.0996955633163452,-0.30028459429740906,0.5254173447572287,1.1408097743988037,1.3528499603271484,0.6206747625876418,1.102687954902649,-0.2705087959766388
sp10,street,0dB,0,0.6821995093721203,1.1115435361862183,-0.6913137435913086,0.6561607931737681,1.1259931325912476,1.2720201015472412,0.6840567147285587,1.1052087545394897,-0.5503743886947632
sp11,street,0dB,0,0.6006537898893675,1.1282200813293457,-0.5836166739463806,0.5812071747513506,1.1072138547897339,2.511671781539917,0.5956046329294806,1.098811388015747,-0.20184138417243958
sp12,street,0dB,0,0.6802176837983724,1.0922224521636963,-0.17770735919475555,0.6124683092435782,1.0820163488388062,-1.6949775218963623,0.6908119608789415,1.0866162776947021,-0.016293125227093697
sp13,street,0dB,0,0.5789402309220194,1.0957424640655518,-1.1726654767990112,0.5875105015030225,1.1897332668304443,3.07778263092041,0.5860218654087602,1.0855164527893066,-0.8619511723518372
sp14,street,0dB,0,0.6149562541599951,1.0766721963882446,-0.31439870595932007,0.5824173400872982,1.2366182804107666,2.76772403717041,0.6193971632404007,1.0752017498016357,-0.067568339407444
sp15,street,0dB,0,0.632672931677695,1.076188564300537,-0.17286299169063568,0.61502809858224,1.1662474870681763,2.668006420135498,0.6414628734398441,1.0695306062698364,0.31541481614112854
sp16,street,0dB,0,0.7377023177447417,1.1068217754364014,-1.05653977394104,0.6781128150717618,1.268493890762329,3.7565293312072754,0.7399847092925936,1.0998681783676147,-0.8127492070198059
sp17,street,0dB,0,0.6606669570452811,1.0792118310928345,-0.5403999090194702,0.6533101948469133,1.2252552509307861,5.479043960571289,0.6646660033907728,1.0779657363891602,-0.41113656759262085
sp18,street,0dB,0,0.6534115633672677,1.0758074522018433,-0.4019196629524231,0.6215987299986664,1.131696343421936,4.490777015686035,0.6583878794338376,1.0710489749908447,-0.15344923734664917
sp19,street,0dB,0,0.6041165415436108,1.0609030723571777,-0.7455219030380249,0.5251097196230817,1.2014963626861572,1.6868133544921875,0.6051138916708559,1.060131549835205,-0.644359290599823
sp20,street,0dB,0,0.7329288240602819,1.0940263271331787,-0.49494412541389465,0.695057959425727,1.2609448432922363,3.1360068321228027,0.7369014296933462,1.091640830039978,-0.4123993217945099
sp21,street,0dB,0,0.6621115431670408,1.239094614982605,-0.6938385963439941,0.6546142836511739,1.2338367700576782,2.4679269790649414,0.6662051168876456,1.2346745729446411,-0.6165992021560669
sp22,street,0dB,0,0.6292331570614585,1.1017746925354004,-0.5247499942779541,0.5983705806428778,1.1194473505020142,-1.478856086730957,0.6324900227689574,1.098809003829956,-0.30360567569732666
sp23,street,0dB,0,0.7243069428627799,1.1947098970413208,-0.7428627610206604,0.6495192198549367,1.1237841844558716,1.590395450592041,0.7242746607888735,1.1776057481765747,-0.5095794200897217
sp24,street,0dB,0,0.5595021434409205,1.1674633026123047,-0.42748379707336426,0.5026592917413631,1.1084883213043213,-0.2220008373260498,0.5660402444519398,1.1288398504257202,0.13792985677719116
sp25,street,0dB,0,0.6245039835532449,1.2066330909729004,-0.4234776198863983,0.6272059454141062,1.2599149942398071,2.6529321670532227,0.6311008967096425,1.2013252973556519,-0.3493073284626007
sp26,street,0dB,0,0.7951374009322386,1.1463795900344849,-0.3895948827266693,0.7316492641776995,1.168353796005249,0.6874037981033325,0.7992891554592072,1.1361446380615234,-0.2400326132774353
sp27,street,0dB,0,0.7447893335590414,1.1469827890396118,-0.4157133102416992,0.7004348535274489,1.225285530090332,3.222036361694336,0.7558198912753123,1.137973427772522,-0.1109067052602768
sp28,street,0dB,0,0.7170140678259647,1.1024093627929688,-0.5254817605018616,0.7013103798719951,1.2802655696868896,2.904369354248047,0.7249679835029728,1.0937132835388184,-0.18549543619155884
sp29,street,0dB,0,0.7156985745442452,1.1043123006820679,-0.5415331125259399,0.6904863217775095,1.2242014408111572,2.649494171142578,0.7267446661068185,1.1011550426483154,-0.3598690330982208
sp30,street,0dB,0,0.698730923807535,1.1860151290893555,-0.24183416366577148,0.6568069283272093,1.1859086751937866,0.43004369735717773,0.7050637726885239,1.1642930507659912,-0.041295379400253296
sp01,street,10dB,10,0.8895539638695898,1.551131010055542,9.30529499053955,0.7827844976455846,1.2681126594543457,5.282989501953125,0.8904228275582958,1.5343811511993408,9.427656173706055
sp02,street,10dB,10,0.886046623385396,1.8022907972335815,9.305331230163574,0.7789013884230028,1.2277734279632568,4.780501842498779,0.8902440648424461,1.7290582656860352,9.510632514953613
sp03,street,10dB,10,0.8866112760483514,1.3890763521194458,9.508665084838867,0.8233601142509451,1.370847225189209,8.38377857208252,0.890583442884704,1.3749303817749023,9.68977165222168
sp04,street,10dB,10,0.9094448150737687,1.4996135234832764,9.505024909973145,0.8324974279321015,1.3698302507400513,7.3696794509887695,0.9113781064921093,1.4720075130462646,9.587424278259277
sp05,street,10dB,10,0.9021732435530767,1.4214210510253906,9.330934524536133,0.8064849461185092,1.5710722208023071,9.428366661071777,0.9044867711876122,1.403822422027588,9.476701736450195
sp06,street,10dB,10,0.9090177246984068,1.4358124732971191,9.242788314819336,0.8188698124457555,1.4904799461364746,7.960230827331543,0.9116425136543097,1.4238216876983643,9.624902725219727
sp07,street,10dB,10,0.9119197367875798,1.5365434885025024,9.54959774017334,0.8403273760020654,1.407584547996521,8.532364845275879,0.9140947606081382,1.5169332027435303,9.97530746459961
sp08,street,10dB,10,0.8992569541815927,1.5503872632980347,9.33945083618164,0.8117540578056877,1.3494031429290771,6.915943145751953,0.9045078060861894,1.4852733612060547,9.987874984741211
sp09,street,10dB,10,0.7749889972055511,1.2728203535079956,9.64218521118164,0.6860889349493225,1.2611141204833984,6.231966495513916,0.7937665888578084,1.2780861854553223,10.279783248901367
sp10,street,10dB,10,0.8650207771412929,1.4210700988769531,9.310317993164062,0.762834551179214,1.2278974056243896,5.848305702209473,0.8652730126163088,1.3768093585968018,9.748310089111328
sp11,street,10dB,10,0.8830583860442661,1.4140185117721558,9.455994606018066,0.7517567928632417,1.3298603296279907,5.979654788970947,0.8897205817293102,1.395418643951416,9.816397666931152
sp12,street,10dB,10,0.8675820966083665,1.3289244174957275,9.667238235473633,0.7855442119084488,1.3743431568145752,7.656970500946045,0.8700103387034304,1.3040194511413574,10.254860877990723
sp13,street,10dB,10,0.8665512013891027,1.7170987129211426,8.930474281311035,0.8068868775518464,1.3484681844711304,7.974362373352051,0.8745690028422555,1.6808545589447021,9.087260246276855
sp14,street,10dB,10,0.838458928557712,1.3969292640686035,9.564245223999023,0.7386875982381402,1.4484362602233887,8.090546607971191,0.8442834939068068,1.388481855392456,9.986574172973633
sp15,street,10dB,10,0.8391939097211607,1.3492575883865356,9.720043182373047,0.7561921013557285,1.269033432006836,6.227687835693359,0.8396858865391601,1.3351550102233887,10.42427921295166
sp16,street,10dB,10,0.8545771281476331,1.4242829084396362,8.923186302185059,0.8384808255482483,1.3609691858291626,8.968503952026367,0.8543392195249598,1.4136991500854492,9.023728370666504
sp17,street,10dB,10,0.8180754941046307,1.3566203117370605,9.503211975097656,0.7629953017643764,1.4140514135360718,8.309961318969727,0.8189514982667975,1.3466933965682983,9.627610206604004
sp18,street,10dB,10,0.8659677974131965,1.4696996212005615,9.578659057617188,0.8126230645066408,1.7739466428756714,11.73402214050293,0.8680219219849596,1.4451735019683838,9.77197551727295
sp19,street,10dB,10,0.8646518790614278,1.2663792371749878,9.197465896606445,0.8086070009110273,1.3746345043182373,9.93435001373291,0.8658372952434256,1.2686991691589355,9.619848251342773
sp20,street,10dB,10,0.8666027739960953,1.4199631214141846,9.48520278930664,0.8403052334235823,1.7340933084487915,9.277960777282715,0.8676221734509965,1.387942910194397,10.019525527954102
sp21,street,10dB,10,0.9003325077772553,1.8138961791992188,9.325222969055176,0.8021680422401182,1.3967257738113403,7.381838798522949,0.904635530818358,1.73763108253479,9.921537399291992
sp22,street,10dB,10,0.8044559830873719,1.3057825565338135,9.513614654541016,0.7235400127903648,1.2153011560440063,4.5919904708862305,0.813658418870423,1.2975620031356812,10.071621894836426
sp23,street,10dB,10,0.8440917879529092,1.4802229404449463,9.332002639770508,0.762314730423971,1.2870399951934814,6.5330610275268555,0.8465396194907902,1.4265153408050537,10.062896728515625
sp24,street,10dB,10,0.790136941525004,1.4752274751663208,9.592885971069336,0.7025990198272637,1.3176487684249878,5.400545120239258,0.8030214166911707,1.4473555088043213,10.02541446685791
sp25,street,10dB,10,0.8184912761673551,1.5160999298095703,9.616326332092285,0.7827156892371263,1.3441710472106934,6.745942115783691,0.8255328724568093,1.4869818687438965,10.101402282714844
sp26,street,10dB,10,0.9010175815663819,1.5269159078598022,9.467535018920898,0.7930504424388705,1.2866817712783813,6.081021308898926,0.9028685887876879,1.4931399822235107,9.675914764404297
sp27,street,10dB,10,0.9142175339041974,1.5345704555511475,9.501304626464844,0.832154507686479,1.3175344467163086,7.5799455642700195,0.9115982087825123,1.5071731805801392,9.600406646728516
sp28,street,10dB,10,0.9320708975136097,1.5944077968597412,9.60494613647461,0.8204056616669864,1.426149606704712,6.227353096008301,0.9323396796483365,1.563934087753296,9.694069862365723
sp29,street,10dB,10,0.9101850785312614,1.4140427112579346,9.533366203308105,0.8214655210510274,1.3260390758514404,7.240556716918945,0.9146329222309639,1.3915927410125732,10.157520294189453
sp30,street,10dB,10,0.8738155639569913,1.5813990831375122,9.652179718017578,0.8064851869461898,1.654792308807373,7.169168472290039,0.8788730505814171,1.5365400314331055,9.988081932067871
sp01,street,15dB,15,0.9206748324619606,1.7391303777694702,14.334524154663086,0.8358877566363113,1.4071811437606812,8.148354530334473,0.9209654666847158,1.712688684463501,14.945212364196777
sp02,street,15dB,15,0.9525593779271312,1.8686835765838623,14.340909957885742,0.8348472547626791,1.3202072381973267,6.024781227111816,0.953831334443606,1.787270426750183,14.944991111755371
sp03,street,15dB,15,0.9440972749308602,1.8034650087356567,14.454204559326172,0.8409520386124031,1.4680757522583008,9.334501266479492,0.9462756250529097,1.7466070652008057,14.603124618530273
sp04,street,15dB,15,0.9370074186007465,1.7478551864624023,14.531506538391113,0.8522440773759826,1.424302577972412,8.129530906677246,0.9381646116440452,1.7001490592956543,14.70999526977539
sp05,street,15dB,15,0.9359327284961778,1.6864495277404785,14.309076309204102,0.8492282331872081,1.6224963665008545,9.911920547485352,0.9386562227369509,1.6358556747436523,14.556407928466797
sp06,street,15dB,15,0.9374236400379814,1.7673441171646118,14.235075950622559,0.8406192911633684,1.615836262702942,9.643461227416992,0.9408976664224785,1.718023419380188,15.08535385131836
sp07,street,15dB,15,0.9336524229284029,1.6779391765594482,14.584068298339844,0.8468159527926415,1.4831572771072388,8.998631477355957,0.9368595412254817,1.6327030658721924,15.111798286437988
sp08,street,15dB,15,0.9590390893101598,1.807666301727295,14.33995246887207,0.8674265965668211,1.4235172271728516,8.142091751098633,0.9604367458313833,1.6975921392440796,15.04639720916748
sp09,street,15dB,15,0.9101244117055037,1.5892291069030762,14.64383316040039,0.7997335846614823,1.4420474767684937,7.095722675323486,0.9222567783090659,1.5977681875228882,15.104025840759277
sp10,street,15dB,15,0.9511873174581934,1.8017864227294922,14.384941101074219,0.7936881900673444,1.2625324726104736,6.136626243591309,0.9532628003781237,1.7643526792526245,14.755443572998047
sp11,street,15dB,15,0.884546151571831,1.7493339776992798,14.408297538757324,0.7875914889934874,1.4918406009674072,8.557199478149414,0.885356953553016,1.722535490989685,14.669703483581543
sp12,street,15dB,15,0.9171066275328016,1.5971438884735107,14.697002410888672,0.857884882213775,1.6053752899169922,8.665109634399414,0.9249668479534092,1.5780739784240723,15.232511520385742
sp13,street,15dB,15,0.9305482909252255,1.8982573747634888,13.969674110412598,0.8310081398310548,1.446812391281128,9.72665786743164,0.93411372132789,1.8481886386871338,14.282441139221191
sp14,street,15dB,15,0.8751915050254698,1.5282845497131348,14.625497817993164,0.791958573648251,1.7262479066848755,11.42393970489502,0.8840096826942003,1.5224144458770752,15.40392780303955
sp15,street,15dB,15,0.9378064744988585,1.6351208686828613,14.710433959960938,0.8149384194918055,1.4258414506912231,6.786764144897461,0.9400894044200843,1.6186002492904663,15.40452766418457
sp16,street,15dB,15,0.915471972184826,1.7130523920059204,13.863996505737305,0.909660468979019,1.7168982028961182,13.566122055053711,0.9149889864064269,1.6478729248046875,14.300703048706055
sp17,street,15dB,15,0.8713165427455395,1.5771031379699707,14.574551582336426,0.8087296117518138,1.5015596151351929,9.466020584106445,0.8721118325823525,1.5339677333831787,14.761907577514648
sp18,street,15dB,15,0.8876294738485059,1.7309163808822632,14.586320877075195,0.8238234190196392,1.5835933685302734,11.607823371887207,0.8882005151921923,1.6846364736557007,14.750624656677246
sp19,street,15dB,15,0.8758246986188052,1.495215892791748,14.201106071472168,0.8191286516269459,1.7793340682983398,13.00568675994873,0.8782214908247991,1.4950006008148193,14.92750358581543
sp20,street,15dB,15,0.9259018678619542,1.8817002773284912,14.513725280761719,0.8657782865721168,1.5951085090637207,11.039798736572266,0.9237639521136631,1.7525906562805176,14.98404598236084
sp21,street,15dB,15,0.9506773250899148,2.39935564994812,14.36102294921875,0.8271457283821251,1.386991024017334,7.476518154144287,0.9479929902257233,2.2275993824005127,14.589152336120605
sp22,street,15dB,15,0.8876653187534637,1.6707597970962524,14.449789047241211,0.7697718541254165,1.2396705150604248,4.8512468338012695,0.889275559772707,1.6399691104888916,15.138986587524414
sp23,street,15dB,15,0.9633838583647852,2.152114152908325,14.287120819091797,0.8597756209680906,1.3989551067352295,7.570764541625977,0.9630435526884381,2.0575015544891357,14.403143882751465
sp24,street,15dB,15,0.8508197867172178,1.975531816482544,14.594327926635742,0.7350807190819735,1.3300158977508545,5.489184856414795,0.856983888373846,1.9139559268951416,15.138468742370605
sp25,street,15dB,15,0.8996095594849296,2.036006450653076,14.664267539978027,0.7939175720062764,1.3556854724884033,7.855707168579102,0.901077519561812,1.9908061027526855,14.959577560424805
sp26,street,15dB,15,0.9804357107421732,2.1675825119018555,14.520095825195312,0.8439837114317102,1.3128740787506104,6.788640975952148,0.9809728994758649,2.075385332107544,14.787684440612793
sp27,street,15dB,15,0.978622313857007,1.9325571060180664,14.545166015625,0.8541270933446493,1.39414644241333,9.321144104003906,0.9766106526158317,1.8492887020111084,14.78981876373291
sp28,street,15dB,15,0.9696750211051683,1.7028679847717285,14.623292922973633,0.852048672006548,1.5925395488739014,9.4014892578125,0.9700443091888822,1.6178516149520874,14.94854736328125
sp29,street,15dB,15,0.9355946418770409,2.0140738487243652,14.464164733886719,0.8399216964687933,1.3954485654830933,8.916017532348633,0.9357386775427979,1.93345046043396,14.613327980041504
sp30,street,15dB,15,0.938798090205639,2.1529219150543213,14.678274154663086,0.8309994730252687,1.401763916015625,7.0492119789123535,0.9439605854109752,1.9800362586975098,14.985498428344727
sp01,street,5dB,5,0.7399981611515545,1.2699640989303589,4.303595066070557,0.6548466722622573,1.2848708629608154,5.770112991333008,0.7422539310861894,1.2584714889526367,4.610629558563232
sp02,street,5dB,5,0.7470932813372491,1.2985278367996216,4.431766986846924,0.666596494544106,1.1640528440475464,2.5583629608154297,0.7556502528197812,1.2844511270523071,4.6214599609375
sp03,street,5dB,5,0.7213000891264147,1.1271826028823853,4.513660430908203,0.6719652179470765,1.2768479585647583,6.6539626121521,0.7232908995712497,1.1229475736618042,4.802373886108398
sp04,street,5dB,5,0.8053355667008943,1.3795747756958008,4.386692523956299,0.75647666988422,1.2489959001541138,4.233960151672363,0.8064450619212037,1.366189956665039,4.428606033325195
sp05,street,5dB,5,0.774371147183252,1.174849271774292,4.379280090332031,0.7305610719393468,1.3314529657363892,6.03013277053833,0.7810748131218704,1.1658822298049927,4.564663887023926
sp06,street,5dB,5,0.7515741246867068,1.221383810043335,4.317160129547119,0.7380630435982838,1.4304518699645996,6.863787651062012,0.758657449439011,1.2091584205627441,4.898876190185547
sp07,street,5dB,5,0.7602424969364084,1.202636480331421,4.5116143226623535,0.7343067561986439,1.3018715381622314,6.4090895652771,0.7638486869265072,1.1854331493377686,5.011956691741943
sp08,street,5dB,5,0.7209793701950749,1.2928131818771362,4.365625381469727,0.6740959646295085,1.1771386861801147,4.125500679016113,0.7235285848676639,1.2859326601028442,4.6046905517578125
sp09,street,5dB,5,0.7756830686838481,1.1673537492752075,4.614439487457275,0.704780220028913,1.2484359741210938,6.377373695373535,0.7834796597422495,1.1651058197021484,5.025812149047852
sp10,street,5dB,5,0.76171137625349,1.1967389583587646,4.368722915649414,0.7066414277772789,1.2297228574752808,3.6731646060943604,0.7638756375740337,1.1926169395446777,4.485897064208984
sp11,street,5dB,5,0.7167100116289052,1.1759616136550903,4.459170341491699,0.6400472413240192,1.1933438777923584,3.7499589920043945,0.7283034151812839,1.170773983001709,4.865111827850342
sp12,street,5dB,5,0.8435369887779188,1.1831616163253784,4.7664265632629395,0.783103491775806,1.3931907415390015,6.452844619750977,0.8537877946737756,1.1780558824539185,5.199479103088379
sp13,street,5dB,5,0.7542431618467325,1.2436448335647583,3.8592867851257324,0.7358306642960544,1.4085068702697754,6.328148365020752,0.7645441887575373,1.2259140014648438,4.249127388000488
sp14,street,5dB,5,0.7026562186906705,1.1310429573059082,4.725458145141602,0.6831788645699912,1.4894955158233643,7.300848484039307,0.7133318409355605,1.131129503250122,5.436212539672852
sp15,street,5dB,5,0.7289014762545099,1.126515507698059,4.669886112213135,0.6721677961738105,1.2447222471237183,4.44713020324707,0.7335507006958863,1.1179429292678833,5.409764766693115
sp16,street,5dB,5,0.790936336212939,1.174499273300171,3.8168091773986816,0.7735301599522767,1.4597135782241821,8.683974266052246,0.7909911608680772,1.170804738998413,3.8676443099975586
sp17,street,5dB,5,0.8159919360120563,1.1409313678741455,4.534437656402588,0.7382182620940105,1.2714279890060425,5.695178031921387,0.8152324961819455,1.1386668682098389,4.720295429229736
sp18,street,5dB,5,0.7376766166400259,1.1669846773147583,4.560009002685547,0.724092224375979,1.352791428565979,9.26366901397705,0.7419580026387285,1.1581101417541504,4.771020889282227
sp19,street,5dB,5,0.814272507957361,1.1510701179504395,4.211854934692383,0.7727236370017125,1.345162034034729,8.367520332336426,0.8156422307788797,1.149785041809082,4.5277838706970215
sp20,street,5dB,5,0.7733124547568441,1.2468500137329102,4.416070938110352,0.7288300187418357,1.3434898853302002,6.5297627449035645,0.7725732792243727,1.22993803024292,4.827818870544434
sp21,street,5dB,5,0.7334628789656525,1.3911378383636475,4.277571678161621,0.6775095609674932,1.277929663658142,5.220088005065918,0.7416272004068574,1.3421753644943237,5.168326377868652
sp22,street,5dB,5,0.7326856216372427,1.2142947912216187,4.571662425994873,0.6623288743024008,1.1631180047988892,0.9863101840019226,0.737488218125324,1.211018443107605,4.650115489959717
sp23,street,5dB,5,0.8075493335821136,1.4239460229873657,4.332451343536377,0.7315951366964708,1.217015266418457,3.460721015930176,0.8093834589438003,1.4020061492919922,4.4182939529418945
sp24,street,5dB,5,0.7220407963303461,1.3495092391967773,4.5810651779174805,0.7125915487313426,1.3572725057601929,3.2431294918060303,0.7308790971553308,1.3406790494918823,4.685197830200195
sp25,street,5dB,5,0.6919450642675898,1.3562004566192627,4.566920280456543,0.6388774615292343,1.2276817560195923,3.8443074226379395,0.6935404301952794,1.334979772567749,4.886331558227539
sp26,street,5dB,5,0.8308058316162997,1.2072806358337402,4.48793363571167,0.7604735830612334,1.2112698554992676,3.901453971862793,0.840227057026549,1.1995652914047241,4.7252116203308105
sp27,street,5dB,5,0.8203740426975165,1.2762773036956787,4.632960319519043,0.7410608161190063,1.225062608718872,5.413022994995117,0.8278673796935625,1.261704683303833,4.983486175537109
sp28,street,5dB,5,0.8588232024686957,1.2390341758728027,4.634367942810059,0.7724701685961389,1.3066688776016235,5.222897052764893,0.8626867170521867,1.2269721031188965,4.866334915161133
sp29,street,5dB,5,0.8292296839863093,1.2281842231750488,4.531913757324219,0.7781393786251884,1.3656904697418213,6.275987148284912,0.8391036899299805,1.2098184823989868,4.965539455413818
sp30,street,5dB,5,0.7024190541453884,1.245814561843872,4.607546329498291,0.6787477595973633,1.3114089965820312,4.526350021362305,0.7135643086412995,1.2222212553024292,4.996026992797852
sp01,train,0dB,0,0.6160238963006102,1.17405366897583,-0.6602508425712585,0.5510691940407466,1.1679788827896118,2.693942070007324,0.6193719976019976,1.14567232131958,0.014919865876436234
sp02,train,0dB,0,0.7141439358287642,1.1535813808441162,-0.5712963342666626,0.683049873610262,1.1620550155639648,1.6691198348999023,0.726549722757773,1.1317775249481201,-0.12407936155796051
sp03,train,0dB,0,0.5843163246079376,1.0754125118255615,-0.46893078088760376,0.5324857168323445,1.1443902254104614,4.181679725646973,0.5841791660893658,1.0704079866409302,-0.20284079015254974
sp04,train,0dB,0,0.6782764895889312,1.1770268678665161,-0.34673523902893066,0.6137399594278621,1.2200807332992554,1.9037176370620728,0.6816727112973302,1.1658782958984375,-0.2680688798427582
sp05,train,0dB,0,0.7249231881238904,1.1209392547607422,-0.5732439756393433,0.668422317861502,1.1908068656921387,3.2271921634674072,0.7238489625375026,1.107980489730835,-0.33849164843559265
sp06,train,0dB,0,0.6895448771091846,1.1473379135131836,-0.6341823935508728,0.6541285982470141,1.2207093238830566,4.301214218139648,0.690644772640221,1.125351905822754,-0.055966269224882126
sp07,train,0dB,0,0.6879543834724219,1.2037492990493774,-0.5330501794815063,0.603240534167813,1.1216051578521729,2.6313540935516357,0.680996278256719,1.1796810626983643,-0.111192986369133
sp08,train,0dB,0,0.7384012437648477,1.21189284324646,-0.5296496152877808,0.682704693080577,1.2238904237747192,2.763916492462158,0.7394565358339787,1.1974680423736572,0.03804367780685425
sp09,train,0dB,0,0.6465395222991648,1.072812557220459,-0.13200926780700684,0.5732441741512775,1.1204948425292969,1.7741966247558594,0.6469665161879207,1.064426064491272,0.46279197931289673
sp10,train,0dB,0,0.7240307309132565,1.137586236000061,-0.6226685643196106,0.679281799865519,1.1446925401687622,2.3352346420288086,0.7258946317173511,1.10878586769104,-0.07195498049259186
sp11,train,0dB,0,0.6153549996708259,1.0839993953704834,-0.5963777303695679,0.5745709164305901,1.1914989948272705,2.6472058296203613,0.6184738326576558,1.0756725072860718,-0.135064959526062
sp12,train,0dB,0,0.6910905002794742,1.0970262289047241,-0.4996098279953003,0.6458124247608056,1.135823369026184,0.9953415393829346,0.6978222119479742,1.081398367881775,-0.05883088707923889
sp13,train,0dB,0,0.6713108769489932,1.1410584449768066,-1.010251522064209,0.6226377723363539,1.272456169128418,4.15249490737915,0.6761707346876826,1.1193194389343262,-0.6225944757461548
sp14,train,0dB,0,0.5781539407038662,1.0674940347671509,-0.33884793519973755,0.5457304320767996,1.2161155939102173,5.586273193359375,0.5833872499550127,1.0602760314941406,0.3115735352039337
sp15,train,0dB,0,0.6524510392499904,1.08263099193573,-0.27597174048423767,0.6041774988691088,1.156434416770935,1.7469133138656616,0.6547917097152026,1.0746287107467651,0.15767797827720642
sp16,train,0dB,0,0.6954185988672014,1.104177474975586,-1.1075185537338257,0.6723728291740863,1.303118109703064,4.829953193664551,0.7029245834803592,1.0972280502319336,-0.7810145020484924
sp17,train,0dB,0,0.6104500431043318,1.0627028942108154,-0.4114046096801758,0.589963729507158,1.154655933380127,3.465487480163574,0.608664232052756,1.0590161085128784,-0.17383821308612823
sp18,train,0dB,0,0.659808571200908,1.08248770236969,-0.4033791720867157,0.6294362670819866,1.202155351638794,4.2348456382751465,0.661986962929869,1.0755279064178467,-0.12031037360429764
sp19,train,0dB,0,0.6149905801642794,1.0754557847976685,-0.8547083139419556,0.5881311474693715,1.2198737859725952,6.037642955780029,0.617140594751249,1.0679478645324707,-0.25171029567718506
sp20,train,0dB,0,0.7472317656583501,1.1294037103652954,-0.5804561376571655,0.6862940628747811,1.210096001625061,2.914372444152832,0.7484350187505072,1.116306185722351,-0.2469986379146576
sp21,train,0dB,0,0.6561209055639937,1.2981688976287842,-0.7666878700256348,0.594913388701646,1.1334856748580933,2.2519514560699463,0.6574323183576061,1.214846134185791,0.0027342503890395164
sp22,train,0dB,0,0.6079745992427448,1.1019375324249268,-0.48575860261917114,0.5829993151241453,1.1369143724441528,0.2658258378505707,0.6108165623429515,1.0901451110839844,-0.06155535206198692
sp23,train,0dB,0,0.6752755225266123,1.2031869888305664,-0.6647567749023438,0.6326290922305872,1.1917996406555176,1.6822433471679688,0.6762951846679092,1.184721827507019,-0.23237177729606628
sp24,train,0dB,0,0.5884051010993072,1.195921540260315,-0.46848928928375244,0.5104864475625048,1.0910290479660034,0.9653729796409607,0.5936297504376289,1.1413817405700684,0.27274566888809204
sp25,train,0dB,0,0.6218405589282174,1.2576812505722046,-0.45813047885894775,0.5420190104295504,1.1600229740142822,2.301619291305542,0.6225491277747257,1.2119381427764893,0.12694036960601807
sp26,train,0dB,0,0.7794102294413268,1.1522120237350464,-0.6382496356964111,0.7098093275498175,1.1847854852676392,2.185105323791504,0.7811630391273563,1.1349319219589233,-0.27493607997894287
sp27,train,0dB,0,0.7853528311012822,1.186429738998413,-0.48683881759643555,0.7330616666307582,1.2044845819473267,3.2740678787231445,0.7921629799247734,1.1532758474349976,0.057750068604946136
sp28,train,0dB,0,0.7498130098206682,1.1360108852386475,-0.43583154678344727,0.6617223679816395,1.2250263690948486,2.377232313156128,0.7520134320504046,1.1179853677749634,-0.10687930881977081
sp29,train,0dB,0,0.6812326782281194,1.107748031616211,-0.45958423614501953,0.6508327078089513,1.1822803020477295,3.179650068283081,0.6987387604290143,1.097920298576355,-0.05360249802470207
sp30,train,0dB,0,0.6059016233331407,1.1739516258239746,-0.3322623670101166,0.5648154560818535,1.2347068786621094,2.6133899688720703,0.6109924686281293,1.147969126701355,0.12167028337717056
sp01,train,10dB,10,0.844872244739591,1.39536714553833,9.377342224121094,0.7620517378840406,1.2687015533447266,6.832308769226074,0.851987221121908,1.3732105493545532,10.218671798706055
sp02,train,10dB,10,0.8809719741123724,1.5431509017944336,9.31792163848877,0.785050251464107,1.2767211198806763,5.313003063201904,0.8921920986510505,1.4862722158432007,9.914457321166992
sp03,train,10dB,10,0.793186933993329,1.2559751272201538,9.579462051391602,0.7273186800711228,1.2993338108062744,8.67099380493164,0.7958582812863334,1.2342901229858398,9.96497917175293
sp04,train,10dB,10,0.9151635328302637,1.383345365524292,9.538070678710938,0.8381493999542581,1.2564352750778198,7.128767490386963,0.9161319042329998,1.3576737642288208,9.718491554260254
sp05,train,10dB,10,0.9161986688106626,1.3653955459594727,9.333202362060547,0.8214537745747178,1.3705207109451294,7.78654670715332,0.9202692927035421,1.3255815505981445,9.701729774475098
sp06,train,10dB,10,0.8876279600383961,1.3806657791137695,9.265680313110352,0.812179208712063,1.4759691953659058,8.54382610321045,0.8914131227336437,1.3385039567947388,9.926275253295898
sp07,train,10dB,10,0.8924335694127907,1.4006047248840332,9.526829719543457,0.7939599333588756,1.277113914489746,6.820305824279785,0.8948008375558849,1.3582745790481567,10.079273223876953
sp08,train,10dB,10,0.9225004787299932,1.482907772064209,9.364992141723633,0.839216869517462,1.424504041671753,6.631900787353516,0.9268154577196194,1.4604041576385498,10.190521240234375
sp09,train,10dB,10,0.8552110680867312,1.2268670797348022,9.632831573486328,0.752171433548227,1.3378446102142334,6.28333854675293,0.8712297373426111,1.216509222984314,10.765460968017578
sp10,train,10dB,10,0.9000886111182209,1.3860279321670532,9.3335599899292,0.7679004719491226,1.248441219329834,5.458033084869385,0.900219087990517,1.3705061674118042,9.934700012207031
sp11,train,10dB,10,0.8349288344086209,1.3356261253356934,9.440505981445312,0.7249614510503113,1.3126546144485474,7.669956684112549,0.837752114055818,1.307708978652954,10.128902435302734
sp12,train,10dB,10,0.914701362127685,1.3820823431015015,9.699397087097168,0.8048226268685983,1.4115692377090454,6.701169013977051,0.9215048226373137,1.3678674697875977,10.25248908996582
sp13,train,10dB,10,0.89169061895848,1.566051959991455,9.022001266479492,0.7848516154886156,1.3167564868927002,8.797477722167969,0.8986372876458145,1.4868189096450806,9.690282821655273
sp14,train,10dB,10,0.7980612578649843,1.3476183414459229,9.61249828338623,0.7460713280876704,1.5401983261108398,9.854618072509766,0.8099038447297705,1.3379151821136475,10.551108360290527
sp15,train,10dB,10,0.8669269371008488,1.3178389072418213,9.662443161010742,0.7600312283659235,1.3453538417816162,5.81941556930542,0.8716168723581679,1.3022068738937378,10.42788028717041
sp16,train,10dB,10,0.9067866569276722,1.4314193725585938,8.851614952087402,0.8778649570458701,1.6467307806015015,11.3077392578125,0.9068201842231981,1.4102681875228882,9.372848510742188
sp17,train,10dB,10,0.875948144505227,1.2738195657730103,9.497514724731445,0.7984833278118639,1.3952327966690063,7.857863903045654,0.8767871341298549,1.2693307399749756,9.841388702392578
sp18,train,10dB,10,0.8732737182858354,1.304626703262329,9.671040534973145,0.7963520387053034,1.449690341949463,10.422321319580078,0.8758163289703311,1.2795780897140503,10.07858657836914
sp19,train,10dB,10,0.8333336579129329,1.288041353225708,9.23267936706543,0.7862486973793118,1.576045274734497,11.310175895690918,0.8336849719825468,1.2895817756652832,9.863396644592285
sp20,train,10dB,10,0.8988336742556366,1.4389514923095703,9.512673377990723,0.8275375285268664,1.5810586214065552,8.733721733093262,0.8977095719816837,1.4097695350646973,10.179952621459961
sp21,train,10dB,10,0.8744305729937742,1.729783296585083,9.313152313232422,0.7663844270677636,1.232946515083313,6.400201320648193,0.8854081241804965,1.6035048961639404,10.794536590576172
sp22,train,10dB,10,0.783615020763718,1.365682601928711,9.504287719726562,0.6824246296141246,1.1755541563034058,4.089426517486572,0.7852874050725224,1.3364232778549194,10.12078857421875
sp23,train,10dB,10,0.877795585538562,1.4804823398590088,9.283129692077637,0.7797002027499448,1.2343202829360962,6.162393093109131,0.8772164432534109,1.424263596534729,9.991582870483398
sp24,train,10dB,10,0.7871969253536358,1.5809037685394287,9.567922592163086,0.6979944187871857,1.301497220993042,4.8898773193359375,0.7979826317014787,1.49851655960083,10.599331855773926
sp25,train,10dB,10,0.808913656183198,1.5061657428741455,9.657510757446289,0.7064288143651759,1.1959565877914429,7.021432399749756,0.8074246118970546,1.4386829137802124,10.460976600646973
sp26,train,10dB,10,0.9169458437892094,1.4492828845977783,9.552193641662598,0.8214410743472723,1.3371217250823975,6.544207572937012,0.9207492326113518,1.4069101810455322,10.026466369628906
sp27,train,10dB,10,0.9002350827182531,1.562154769897461,9.576555252075195,0.798415096615847,1.3498226404190063,7.787220478057861,0.9030705332353312,1.5053080320358276,10.16275405883789
sp28,train,10dB,10,0.9503510403416213,1.3936607837677002,9.642868995666504,0.826735772911863,1.4718443155288696,7.441754341125488,0.9541568131730586,1.3599505424499512,10.139702796936035
sp29,train,10dB,10,0.9111072512971816,1.4655518531799316,9.518865585327148,0.8255283236248302,1.4449987411499023,7.806428909301758,0.9237148524757768,1.4352235794067383,10.10489559173584
sp30,train,10dB,10,0.8517678299093708,1.5764830112457275,9.653792381286621,0.7693519581640824,1.4066483974456787,6.789792060852051,0.8608920272533171,1.507581114768982,10.187291145324707
sp01,train,5dB,5,0.7550378140569801,1.216740369796753,4.309361934661865,0.6833455009345462,1.2015460729599,5.619919776916504,0.763612989028294,1.1901456117630005,5.075471878051758
sp02,train,5dB,5,0.7901907568522099,1.3089388608932495,4.396088600158691,0.7104775715030291,1.247684359550476,4.465328216552734,0.7961337839901999,1.2775620222091675,4.9260358810424805
sp03,train,5dB,5,0.7565003229979146,1.1632044315338135,4.38997745513916,0.7131596695322333,1.2367323637008667,5.786772727966309,0.7580179400003423,1.1560407876968384,4.624790191650391
sp04,train,5dB,5,0.7849283034489724,1.2284047603607178,4.5798540115356445,0.6822882224716902,1.2293369770050049,5.600962162017822,0.7871912586455703,1.2112534046173096,4.6982035636901855
sp05,train,5dB,5,0.807837547509171,1.206197738647461,4.386693477630615,0.7394985601508854,1.370347261428833,6.162106513977051,0.8125231749583101,1.189662218093872,4.641841888427734
sp06,train,5dB,5,0.8248331561008087,1.326451063156128,4.216332912445068,0.7359517095736545,1.3275070190429688,6.394356727600098,0.8285340019890681,1.295632243156433,4.796420097351074
sp07,train,5dB,5,0.7978730874251104,1.2747997045516968,4.4175543785095215,0.7044002652729657,1.187812089920044,4.849547386169434,0.7971651625976982,1.2414973974227905,4.9493842124938965
sp08,train,5dB,5,0.8469090902180476,1.2856659889221191,4.335374355316162,0.7745750148682388,1.2469185590744019,3.852799892425537,0.853071823608179,1.2699905633926392,4.96308708190918
sp09,train,5dB,5,0.7488287218208468,1.116868019104004,4.590234279632568,0.6514196817015552,1.2054569721221924,4.32302713394165,0.7567423963115824,1.1085501909255981,5.367445945739746
sp10,train,5dB,5,0.8282987906601285,1.2048335075378418,4.334383487701416,0.7244621542896031,1.1606194972991943,4.028389930725098,0.8310449055983542,1.1828290224075317,4.829867839813232
sp11,train,5dB,5,0.7504688933034586,1.1520166397094727,4.437354564666748,0.6667906582818132,1.2470333576202393,6.028049468994141,0.7553560748601076,1.1263654232025146,5.385045051574707
sp12,train,5dB,5,0.825969165917464,1.1690994501113892,4.650138854980469,0.7464349111187228,1.3567026853561401,5.557500839233398,0.8384995996414266,1.1463191509246826,5.419592380523682
sp13,train,5dB,5,0.7394999345377451,1.3280630111694336,3.959810733795166,0.6725341031156131,1.3428997993469238,7.369117736816406,0.7502204878783512,1.2668150663375854,4.637449741363525
sp14,train,5dB,5,0.6926506997541156,1.146973729133606,4.576088905334473,0.6456024606397824,1.3732719421386719,7.737250804901123,0.7006525066897159,1.1337224245071411,5.578935623168945
sp15,train,5dB,5,0.8087669725295297,1.185715913772583,4.731673717498779,0.7113681491298247,1.2556689977645874,4.812220573425293,0.8082034210184986,1.165054202079773,5.550707817077637
sp16,train,5dB,5,0.852065484316365,1.2124755382537842,3.9273664951324463,0.8000875645995279,1.3814890384674072,8.481695175170898,0.8529546397633144,1.1949992179870605,4.303671360015869
sp17,train,5dB,5,0.7651632746940812,1.106221318244934,4.551738262176514,0.7160984961242863,1.287009835243225,5.899588584899902,0.7656558655091714,1.1023242473602295,4.864602565765381
sp18,train,5dB,5,0.7793848054722802,1.1591167449951172,4.5041399002075195,0.7213207108858846,1.3239620923995972,8.319210052490234,0.7828986361138264,1.1443734169006348,5.000743865966797
sp19,train,5dB,5,0.7439694730781696,1.1247482299804688,4.201928615570068,0.7470881340222303,1.4381003379821777,9.65678596496582,0.7475504702365077,1.1141079664230347,5.1114501953125
sp20,train,5dB,5,0.8136659526569903,1.2525140047073364,4.541510581970215,0.7727153383266432,1.4565588235855103,6.619500637054443,0.8172181002085285,1.2377331256866455,5.086480140686035
sp21,train,5dB,5,0.8019637008611886,1.5628341436386108,4.269532203674316,0.709843528321249,1.2488662004470825,5.717618942260742,0.8086535114707557,1.4439585208892822,5.3168840408325195
sp22,train,5dB,5,0.7048953122514028,1.1916414499282837,4.44851016998291,0.6411185621367138,1.1254160404205322,2.807318687438965,0.7135855340181284,1.169825792312622,5.030413627624512
sp23,train,5dB,5,0.7744883456648459,1.2430419921875,4.198856830596924,0.6617272209779511,1.124323844909668,4.727609157562256,0.7717142906128673,1.1983022689819336,4.770779132843018
sp24,train,5dB,5,0.6682386322807462,1.290175437927246,4.640867233276367,0.5825285400866952,1.1681081056594849,3.337545156478882,0.6739565291828554,1.2364108562469482,5.527853965759277
sp25,train,5dB,5,0.7643337462709278,1.3604259490966797,4.583712100982666,0.7064812527018041,1.2117247581481934,5.446685791015625,0.7729920205589264,1.2854210138320923,5.521851539611816
sp26,train,5dB,5,0.8396078944519223,1.2199124097824097,4.506819248199463,0.7655419494819261,1.2987455129623413,5.181765556335449,0.847060655060284,1.1925057172775269,5.170149803161621
sp27,train,5dB,5,0.8261052655124306,1.2330636978149414,4.50591516494751,0.741724380134438,1.2439144849777222,5.702675819396973,0.8309452602117291,1.2127933502197266,4.988720417022705
sp28,train,5dB,5,0.8557835711817487,1.208990454673767,4.6472625732421875,0.7801034127001746,1.331850528717041,5.9409027099609375,0.8606387561405665,1.1841269731521606,5.232783317565918
sp29,train,5dB,5,0.8237216384972158,1.203634262084961,4.423365116119385,0.752934855301009,1.3201780319213867,5.66206169128418,0.8353477780331923,1.1856911182403564,4.9291157722473145
sp30,train,5dB,5,0.7898232855841525,1.3101967573165894,4.637420654296875,0.7336618632901493,1.3666893243789673,5.448178768157959,0.8010416306350454,1.2476263046264648,5.227581977844238
